Titel;Relevanz;Timeline;Branche;Customer;Location;Salary/Rate;Category;Role;Team size;Budget;Tools;Knowledge;Situation;Tasks;Additional Work;Results;Challenges;Languages;Tags
"Entwicklung der App “myWork Zeiterfassung”
";5;2010 - Heute;Zeiterfassung;Eigenentwicklung;Remote;;App;Owner;1;Small;"Xcode, AppStore Connect, Photoshop, Pixelmator, Deepl, ChatGPT, Git, Jekyll
";Swift, Objective-C, SwiftUI, iCloud + CloudKit, CoreData, CoreLocations, UIKit + CoreGraphics;"Während meines Studiums der Softwaretechnik an der Universität Stuttgart erkannte ich die Notwendigkeit einer effizienten Lösung zur Zeiterfassung, da ich zeitgleich mehrere Nebenjobs hatte. Die Herausforderung bestand darin, eine benutzerfreundliche App zu entwickeln, die die manuelle Zeiterfassung ersetzte und so Zeit und Aufwand sparte.
";"In meiner Rolle als Entwickler und Projektleiter übernahm ich die vollständige Produktentwicklung:
Design und Benutzeroberfläche: Entwicklung einer intuitiven UI, die eine einfache und schnelle Zeiterfassung ermöglicht.
Systemarchitektur: Implementierung der App mit Objective-C und Xcode, unter Berücksichtigung von Best Practices für Performance und Sicherheit.
Tests und Qualitätssicherung: Durchführung umfassender Tests zur Sicherstellung der hohen Qualität und Zuverlässigkeit der App.
Marketing und Vertrieb: Strategische Vermarktung der App und Verwaltung des Vertriebs über Apples AppStore.
";"Neben der technischen Entwicklung war ich auch für die administrativen und rechtlichen Aspekte verantwortlich:
AppStore-Compliance: Sicherstellung der Einhaltung aller AppStore-Richtlinien und -Anforderungen.
Rechtliche Dokumentation: Erstellung von Lizenzvereinbarungen, AGBs und Datenschutzrichtlinien.
Webpräsenz: Aufbau und Pflege einer informativen Homepage zur Unterstützung der App-Nutzer.
Einrichtung der Support-Prozesse für Benutzeranfragen und Fehlerbehebung innerhalb von 24 Stunden.";"Die “myWork Zeiterfassung”-App wurde zu einem großen Erfolg:
Marktpräsenz: Über 250.000 Downloads und über 50.000 aktiven Nutzer.
Ranking: Regelmäßige Platzierungen in den Top 200 des Apple AppStore, zeitweise beliebter als Microsoft Office-Apps.
Kundennutzen: Die App erleichtert den Arbeitsalltag der Nutzer durch eine einfache und zuverlässige Zeiterfassung, spart Zeit und reduziert den Verwaltungsaufwand.
Langfristiger Nutzen: Die App ist bis heute aktiv und wird kontinuierlich weiterentwickelt.
Karriereförderung: Das Projekt diente als Sprungbrett für meine professionelle Karriere in der Softwareentwicklung und legte den Grundstein für mein umfassendes Verständnis von Produktentwicklung und -management.
Mehrfache Erwähnung in einschlägigen Magazinen wie ComputerBild, CT";;"German, 
English, 
Französisch";Zeiterfassung, iOS-Entwicklung, Mobile Apps, Objective-C, Swift, CloudKit, CoreData, Benutzererfahrung, Produktentwicklung, AppStore, Cloud Integration
Entwicklung und technische Projektleitung für mobile Apps - CGI;5;12/2012 – 08/2015;Automotive - Aftersales;Daimler AG (Mercedes Benz);Vor Ort;;App;Consulting, Mobile App Development;9;High;Xcode, Android Studio, Eclipse, Jenkins, Git, Appium, Jira, Confluence;Objective-C, Java, XML, Python,Testautomatisierung, Coaching, generative Softwareentwicklung, Scrum;In meiner Zeit bei CGI arbeitete ich von 12/2012 bis 08/2015 für die Daimler AG und am Firmensitz von CGI an einem umfangreichen Projekt im Bereich mobile Anwendungen. Die Tätigkeiten begannen mit der Entwicklung mobiler Applikationen und entwickelten sich mit zunehmender Verantwortung hin zur Rolle eines technischen Projektleiters. Ein zentraler Bestandteil war die Digitalisierung von Betriebsanleitungen und die internationale Verbreitung der Lösungen.;"Entwicklung mobiler Anwendungen und Systemarchitekturen.
Kundenberatung und Betreuung im Bereich Mobile Solutions.
Durchführung von Tests und Qualitätssicherung mobiler Anwendungen.
Entwicklung und Einführung von Testautomatisierung mit Appium.
Test- und Releasemanagement zur Sicherstellung von Funktionalität und Stabilität.
Schulung neuer Mitarbeiter in der Entwicklung mobiler Apps.
Generative Softwareentwicklung zur Effizienzsteigerung der Entwicklungsprozesse.
Einführung agiler Arbeitsmethoden und Zertifizierung zum Scrum Master.";"Einführung und Coaching zur Testautomatisierung mobiler Apps mit Appium im Unternehmen.
Entwicklung eines Python-Skripts zur Optimierung der Lokalisierung in 27 Sprachen, inklusive automatisierter Verarbeitung der Übersetzungen.
Schulung neuer Mitarbeiter im Bereich Mobile Development und Projektstandards.";"Entwicklung der App MBGuides:
Meistgeladene Apps von Mercedes Benz, Smart, Mercedes Benz Trucks und Vans.
Übersetzung in 27 Sprachen und internationaler Vertrieb.
Entwicklung einer Workbench zur Erstellung mobiler Betriebsanleitungen.
Maßgeblicher Beitrag zur internationalen Digitalisierung und Verbreitung mobiler Lösungen.";"Lokalisierung in arabische und hebräische Versionen aufgrund des Textflusses von rechts nach links.
Pflege und Skalierung der Sprachversionen, optimiert durch ein Python-Skript zur Automatisierung des Übersetzungsprozesses.
Inhaltscaching zur Bewältigung großer XML-Dateien und Inhalte der Betriebsanleitungen
Einführung agiler Arbeitsmethoden im Unternehmen und die Anpassung an neue Prozesse.";English;Automotive, Mobile Apps, Objective-C, Java, Python, Testautomatisierung, Scrum, Internationalisierung, AppStore, Nearshore-Management, Teamführung, agiles Arbeiten, Digitalisierung
Technische Projektleitung für MBGuides Version 2.0 - inloop GmbH;5;09/2015 – 03/2018;Automotive - Aftersales;Daimler AG (Mercedes Benz);Hybrid;;App;Solution Architect, Technical Project Management, Technical Lead;10;High;Git, Slack, PowerPoint, Scrum, CSS, JavaScript, Xcode, Android Studio, Jira, Confluence, ALM, Jenkins;Technische Konzeption, Nearshore, Mobile App Testing, HTML, CSS, JSON, Scrum ;Als technischer Projektleiter war ich für die Umsetzung der Version 2.0 der MBGuides App für iOS und Android sowie die Weiterentwicklung der Workbench zur inhaltlichen Pflege verantwortlich. Die Umsetzung erfolgte durch ein Nearshore-Team aus der Slowakei, das ich koordinierte.;"Technische Konzeption der gesamten Lösung (Apps und Workbench).
Kundenpräsentationen und Vertretung der technischen Lösung vor dem Auftraggeber.
Steuerung eines Nearshore-Teams, inklusive Kommunikation über Slack und Git.
Direkte Umsetzung neuer Features, insbesondere des „Smart Layouts“ in Zusammenarbeit mit der Design-Abteilung von Daimler.
Anpassung der HTML-Inhalte und Styling mit CSS und JavaScript.
Koordination von Scrum-Sprints und Qualitätssicherung.";"Beheben von Bugs in den Apps und HTML-Seiten, wenn nötig.
Intensive Workshops mit der Design-Abteilung für Layout-Optimierungen.
Erstellung von Präsentationen für das Management zur Abstimmung und Berichterstattung.";"Erfolgreiche Veröffentlichung der Version 2.0 der MBGuides App in den AppStores für iOS und Android.
Fertigstellung der Lösung innerhalb des vereinbarten Budgets, Zeitrahmens und mit hoher Qualität.
Steigerung der Nutzerzufriedenheit und positive Rückmeldungen vom Auftraggeber.";"Steuerung eines Nearshore-Teams über verschiedene Standorte hinweg.
Intensive Anpassungen im „Smart Layout“ zur Optimierung der Nutzererfahrung und Implementierung von Designanforderungen.";English;Automotive, Mobile Apps, Nearshore-Teamführung, Scrum, CSS, JavaScript, Nutzerzufriedenheit, AppStore, Technische Konzeption, Stakeholder-Management, HTML, App-Optimierung, Designintegration
Optimierung der Vormontageprozesse in der Fertigungslinie Mediums einer App;3;12/2015 – 11/2016;Maschinenbau;Kverneland;Hybrid;;App;Solution Architect, Project Manager, Technical Lead;6;Medium;Android Studio, Balsamiq Mockup, Java, JSP, git, Slack, Jira, Confluence PowerPoint, Visio;Java, MySQL, JSON, Prozessoptimierung, Mobile App Architektur, Nearshore-Teamsteuerung, Scrum;Die Fertigung von Landmaschinen bei Kverneland erfolgt über eine Hauptfertigungslinie mit mehreren Stationen und dazugehörigen Vormontagestationen. Um die Effizienz zu steigern, war eine Lösung erforderlich, die sicherstellt, dass die richtigen Teile zur richtigen Zeit an der Hauptmontagestation verfügbar sind. Gleichzeitig sollte die App die Produktionszeiten überwachen und den Arbeitern eine priorisierte Liste der benötigten Vormontagen einschließlich Zeitbudgets zur Verfügung stellen.;"Prozessaufnahme und konzeptionelle Optimierung der Vormontage durch die App.
Erarbeitung des Funktionsumfangs, der Benutzeroberfläche und des technischen Konzepts in Zusammenarbeit mit dem Kunden.
Leitung der Umsetzung durch ein Nearshore-Team unter Verwendung von Scrum.
Steuerung der Entwicklung und Qualitätssicherung.";"Unterstützung bei der WLAN-Ausleuchtung und Einbau eines lokalen Caches zur Sicherstellung der Datenverfügbarkeit in der Produktion.
Schulung der Mitarbeitenden bei dem Kunden vor Ort";"Erfolgreiche Produktivsetzung der Android-App in einer Produktionslinie nach intensiver Testphase.
Umsetzung innerhalb der vorgegebenen Zeit und des Budgets trotz technischer Herausforderungen.
Steigerung der Effizienz und Synchronisation zwischen Vormontage und Hauptmontage.";"Technische Schwierigkeiten durch unzureichende WLAN-Abdeckung, gelöst durch die Integration eines lokalen Caches.
Akzeptanz der neuen Applikation bei den Mitarbeitenden";"German,
English";Maschinenbau, Prozessoptimierung, Mobile Apps, Java, MySQL, Nearshore-Teamführung, Scrum, Produktion, Produktionssoftware, Android
Management von Ladungsträger und FörderhilfMedium;2;11/2016 - 03/2017;Logistik;Kverneland;Hybrid;;App;Solution Architect, Project Manager, Technical Lead;3;Small;Android Studio, Balsamiq Mockup, Java, git, Jira, Confluence, Slack;Technische Konzeption, Nearshore, UI/UX, Mobile App, PHP;Die korrekte Verwaltung von Ladungsträgern wie Paletten und Gitterboxen ist für Kverneland essenziell, da diese einem Pfandsystem unterliegen. Durch Lieferungen und Auslieferungen ändert sich der Bestand kontinuierlich, was zu Bestandsdifferenzen führen kann. Um dies zu vermeiden, soll eine Android-App entwickelt werden, die im Cockpit der Staplerfahrzeuge installiert wird. Sie soll eine einfache und exakte Erfassung von Be- und Entladungen durch die Staplerfahrer ermöglichen und so eine transparente und lückenlose Bestandskontrolle gewährleisten.;"Technische Konzeption & Architektur: Entwicklung der Systemarchitektur als Solution Architekt.
Projektleitung: Verantwortung für Zeit, Budget und Steuerung des Entwicklerteams.
Technische Leitung: Sicherstellung der technischen Umsetzung und Code-Qualität.
UI/UX-Design: Entwurf einer intuitiven Benutzeroberfläche für Staplerfahrer.
Steuerung des Nearshor Teams zur Umsetzung der Android-App zur Erfassung von Be- und Entladungen.
Stakeholder-Management: Abstimmung der Anforderungen und Feature-Priorisierung mit Kverneland.";Schulung der Mitarbeitenden bei dem Kunden vor Ort;"Erfolgreiche Produktivsetzung der Android-App 
Umsetzung innerhalb der vorgegebenen Zeit und des Budgets trotz technischer Herausforderungen.
Ausweitung der Anwender bei weiteren Lieferanten ";"Technische Schwierigkeiten durch unzureichende WLAN-Abdeckung, gelöst durch die Integration eines lokalen Caches.
Installation der Endgeräte in den Gabelstapler ";German;Logistik, Prozessoptimierung, Mobile Apps, Java, MySQL, Nearshore-Teamführung, Produktion, Produktionssoftware, Android
Entwicklung einer iBeacon-basierten App für Messestände;2;04/2017 – 05/2017;Elektrowerkzeuge;Bosch Power Tools;Remote;;App;Projektleitung, Solution Architect, Technical Lead;4;Small;iBeacon SDK (Estimote), Xcode, Android Studio, Balsamiq Mockup, Slack;Objective-C, Java, HTML, CSS, JavaScript, ortsbasierte Technologien, Nearshore;Die Aufgabe war die Entwicklung einer iBeacon-basierten App für den Messestand von Bosch Power Tools. Ziel war es, den Besuchern relevante Zusatzinformationen basierend auf ihrer Position am Messestand bereitzustellen. Dies erforderte die Integration ortsbasierter Inhalts-Filter in die App.;"Leitung des Projekts sowie Verantwortung für Budget und Team.
Technische Konzeption und Entwicklung der ortsbasierten Benachrichtigungslogik.
Erstellung von Mockups mit Balsamiq zur Visualisierung der App.
Implementierung von iBeacon-Technologie zur Lokalisierung und Inhaltsfilterung.
Kommunikation und Koordination mit dem Team
Aufbau von Experimenten zur optimalen Kalibrierung der iBeacon-Lösung.
Technischer Ansprechpartner und Gesicht des Projekts gegenüber dem Kunden.";Konzeption einer White-Label Version der App für zukünftige Kunden und Konfigurationen;"Erfolgreiche Fertigstellung der App innerhalb des Zeit-, Budget- und Qualitätsrahmens.
Erfolgreicher Einsatz auf einer internen Messe des Kunden, mit positiven Rückmeldungen sowohl vom Kunden als auch von den Messebesuchern";"Feinabstimmung der iBeacon-Konfiguration für zuverlässige und präzise Lokalisierung.
Sicherstellung der nahtlosen Integration von Benachrichtigungen und Inhalten in die Benutzeroberfläche.";"German,
English";Elektrowerkzeuge, iBeacon, Mobile Apps, Objective-C, Java, Proximity Marketing, HTML, CSS, JavaScript, Teamführung, Benachrichtigungssysteme, Messeanwendungen, Innovationsprojekte
Entwicklung einer App zur Erfassung und Koordination von Lieferaufträgen;3;05/2016 – 07/2016;Logistik;conceito GmbH;Hybrid;;App;Project Management, Solution Architect, Technical Lead;5;Small;Xamarin, Visual Studio, Git, PowerPoint, Balsamiq Mockup, Xcode, Slack;Mobile App Entwicklung, Xamarin, GPS-Tracking, Energieeffizienz, Cross-Platform-Design (iOS & Windows Phone), Nearshore;Die conceito GmbH benötigte eine digitale Lösung zur effizienten Erfassung und Koordination von Lieferaufträgen in der Logistik. Ziel war die Entwicklung einer App, die Lieferanten in Echtzeit erfasst und Disponenten eine zentrale Übersicht bietet. Eine wesentliche Herausforderung bestand darin, die GPS-Standorterfassung energieeffizient zu gestalten, da die Akkulaufzeit der mobilen Geräte eine entscheidende Rolle spielte. Die Benutzeroberfläche musste sowohl für iPhones als auch für Windows Phones intuitiv und plattformgerecht sein, um eine optimale Nutzererfahrung zu gewährleisten.;"Konzeption und Entwicklung der App mit Xamarin zur Bereitstellung einer plattformübergreifenden Lösung (iOS & Windows Phone).
Entwicklung einer energieeffizienten GPS-Erfassung zur Reduzierung des Akkuverbrauchs der Endgeräte.
Leitung des Nearshore-Entwicklungsteams und Steuerung der technischen Umsetzung.
Entwurf und Optimierung der Benutzeroberfläche (UI/UX) für plattformnahe Designs auf iPhones und Windows Phones.
Abstimmung der Anforderungen und Kommunikation mit dem Kunden als Hauptansprechpartner.";Umsetzung der energieeffizienten GPS-Erfassung, die den Akkuverbrauch signifikant optimierte.;"Entwicklung einer App im POC-Status, die für die iOS- und Windows Phone-Plattformen bereitgestellt wurde.
Die Lösung wurde erfolgreich an die conceito GmbH übergeben, die die App in die interne Weiterentwicklung überführte.";"Sicherstellung der Energieeffizienz der GPS-Erfassung auf mobilen Geräten.
Plattformübergreifendes Design der Benutzeroberfläche für iPhones und Windows Phones, das sowohl intuitiv als auch benutzerfreundlich war.";English, German;Logistik, Mobile Apps, Xamarin, GPS-Tracking, Energieeffizienz, Nearshore-Teamführung, Benutzerfreundlichkeit, iOS, Windows Phone, Cross-Platform-Entwicklung, POC
Entwicklung einer White-Label-Lösung für ortsbasierte Inhalte und Indoor-Navigation;5;08/2016 – 12/2016;Softwareentwicklung (Inhouse-Produkt);Inhouse-Projekt (inloop GmbH);Hybrid;;App;Technischer Lead, Produktentwickler, Teamkoordinator;5;Medium;Xcode, Android Studio, Balsamiq Mockup, iBeacon SDK (Estimote), Git, Slack, Jira;iBeacon-Technologie, Swift, White-Label-Lösungen, Indoor-Navigation, Mobile App Entwicklung, Nearshore;Zur Erweiterung des Portfolios der inloop GmbH wurde ein Inhouse-Produkt entwickelt, das ortsbasierte Inhalte für Nutzer auf iOS- und Android-Geräten bereitstellt. Basierend auf der iBeacon-Technologie sollten den Nutzern relevante Informationen in Abhängigkeit von ihrem Standort präsentiert werden. Als zusätzlicher Proof-of-Concept wurde eine Indoor-Navigationsfunktion entwickelt, die eine Positionsbestimmung und Navigation innerhalb von Gebäuden ermöglicht. Ziel war die Schaffung einer White-Label-Lösung, die an die Bedürfnisse verschiedener Kunden angepasst werden kann.;"Produktgestaltung und Konzeption
Technische Leitung des Projekts sowie Koordination des Entwicklungsteams.
Entwicklung der White-Label-Lösung mit nativer Unterstützung für iOS und Android.
Implementierung der iBeacon-Integration zur Positionsbestimmung und ortsbasierten Inhaltsanzeige.
Entwicklung des Proof-of-Concepts (POC) für eine Indoor-Navigation.";"Konzeption und POC einer Indoor Navigationslösung basierend auf iBeacons
Implementierung eines Ablegers für die Messe „Automechanika“";"Bereitstellung einer plattformübergreifenden White-Label-Lösung, die flexibel an Kundenanforderungen angepasst werden kann.
Marketing und Vertriebsmaterial 
Vertrieb über die AppStores
Mehrfache Ableger für kundenspezifische Anwendungsfälle
Gewinn des Innovation Awards auf der Automechanika ";"Sicherstellung der Präzision der iBeacon-Lokalisierung für Indoor-Navigation.
Entwicklung einer skalierbaren Architektur für die White-Label-Anpassungen.";English;iBeacon, Mobile Apps, White-Label, Indoor-Navigation, Produktentwicklung, iOS, Android, Plattformübergreifende Entwicklung, Nearshore-Teamführung, POC
Entwicklung der iOS-App “myMoney” – Haushaltsbuch für effiziente Finanzverwaltung;5;10/2016 – Heute;Fintech, Personal Finance;Eigenentwicklung;Remote;;App;Produktentwickler, Technical Lead, UI/UX-Designer, Entwickler, Marketing & Sales, Support;1;Small;Xcode, App Store Connect, Photoshop, Pixelmator, Deepl, Git, Jekyll (für die Website);Swift, UIKit, CoreData, CoreGraphics, Datenvisualisierung, CSV-Export, Mobile Marketing, Customer Support;Mit dem Ziel, die persönliche Finanzverwaltung für Nutzer zu vereinfachen, wurde die App myMoney entwickelt. Die App fokussiert sich auf die schnelle und intuitive Erfassung von Einnahmen und Ausgaben, gepaart mit umfassenden Analysemöglichkeiten. Dabei steht eine nutzerzentrierte Bedienung im Vordergrund, da sich viele Menschen nur ungern mit der manuellen Erfassung von Ausgaben beschäftigen. myMoney bietet budgetbasiertes Tracking, visuelle Analysen und eine plattformübergreifende Datensynchronisation per iCloud.;"Produktentwicklung und Konzeption der Funktionalitäten.
Design der Benutzeroberfläche (UI/UX) mit Fokus auf eine effiziente und intuitive Nutzererfahrung.
Entwicklung der gesamten App mit Swift, UIKit, CoreData und CloudKit.
Technische Architektur der App sowie Integration von iCloud-Synchronisation.
Implementierung von Berichts- und Analysetools mit Diagrammen und CSV-Export.
Entwicklung der zugehörigen Website mit Jekyll zur Vermarktung der App.
Kundenbetreuung und technischer Support.";"Aufbau der Website als Marketing-Plattform mit Informationsseite zu den App-Funktionen.
Durchführung von App-Store-Optimierung (ASO) zur Steigerung der Sichtbarkeit.
Einrichtung der Support-Prozesse für Benutzeranfragen und Fehlerbehebung innerhalb von 24 Stunden.";"Veröffentlichung der App im Apple App Store mit positiver Resonanz von Nutzern.
Mehrfache Erwähnung in einschlägigen Magazinen
Etablierung einer effizienten und intuitiven Lösung zur Finanzverwaltung mit CSV-Export und Filterfunktionen.";Optimierung der Nutzererfahrung (UX) für eine schnelle und einfache Erfassung von Einnahmen und Ausgaben.;German, English;Haushaltsbuch, Mobile Apps, Swift, UI/UX-Design, Produktentwicklung, Mobile Marketing, Customer Support, Datenvisualisierung, CSV-Export
Entwicklung einer iOS-OCR-App zur Erfassung von FIN und Nummernschildern;2;02/2017 – 04/2017;Automotive - Aftersales;Daimler AG;Hybrid;;App;Projektleitung, Technischer Lead;6;Medium;Xcode, MicroBlink, LeadTools, Tesseract-OCR, Abby Mobile OCR Engine, Scanbot, BlinkOCR;Swift, OCR-Technologie, Bildverarbeitung, Scrum, Nearshore;Im Aftersales-Bereich der Daimler AG ist die Erfassung von Nummernschildern und Fahrzeugidentifikationsnummern (FIN) ein zentraler Bestandteil der Fahrzeugannahme in Werkstätten. Der manuelle Prozess ist zeitaufwendig, fehleranfällig und erhöht den Verwaltungsaufwand. Ziel des Projekts war es, eine mobile iOS-App zu entwickeln, die mithilfe von OCR (Optical Character Recognition) diese Daten automatisch erfasst und direkt in die Werkstattsysteme überträgt. Dies sollte die Fahrzeugannahme beschleunigen, Fehler reduzieren und die Effizienz des Prozesses steigern.;"Konzeption und Entwicklung der iOS-App zur automatisierten Erfassung von FIN und Nummernschildern.
Integration und Vergleich verschiedener OCR-Bibliotheken wie MicroBlink, LeadTools, Tesseract-OCR, Abby Mobile OCR Engine, Scanbot und BlinkOCR zur Identifizierung der optimalen Lösung.
Technische Umsetzung und Abstimmung der API-Anbindung für den Datentransfer in die Werkstattsysteme.
Durchführung von Tests zur Sicherstellung der Erkennungsgenauigkeit der FIN und Nummernschilder.";UX Design zur Optimierung der FIN Erkennung und zur Reduktion von Erfassungsfehlern.;"Entwicklung einer funktionalen iOS-App zur automatisierten Erfassung von FIN und Nummernschildern.
Reduktion der Erfassungszeit bei der Fahrzeugannahme und Steigerung der Genauigkeit der Fahrzeugidentifikation.	
Übergabe der Lösung zur weiteren internen Nutzung durch die Daimler AG.";"Sicherstellung der Erkennungsgenauigkeit bei unterschiedlichen Lichtverhältnissen und verschiedenen FIN-Formaten.
Vergleich und Auswahl der optimalen OCR-Bibliotheken unter Berücksichtigung von Geschwindigkeit und Genauigkeit.";English;Automotive, OCR, Mobile Apps, FIN-Erkennung, iOS, Bildverarbeitung, LeadTools, Tesseract, ABBY, MicroBlink, Agile Entwicklung, Fahrzeugannahme, Prozessautomatisierun
AR-App für die Erkennung von Warnleuchten im Fahrzeug-Cockpit (POC);3;04/2017 – 09/2017;Automotive - Aftersales;Daimler AG;Hybrid;;App;Projektleitung, Product Owner, Kundenbetreuer;4;Medium;Xcode, AR-Technologie, Slack, Git, Unity,;Vuforia, Unity, C++, scrum, Nearshore, Swift;Fahrzeughalter sehen sich regelmäßig mit Warnleuchten im Cockpit ihres Fahrzeugs konfrontiert. Die Bedeutung der Leuchten und die erforderlichen Maßnahmen sind oft unklar, was zu Unsicherheit und Verzögerungen bei der Fehlerbehebung führt. Ziel des Projekts war es, eine Augmented-Reality-App zu entwickeln, die Warnleuchten im Cockpit erkennt und den Fahrzeughaltern visuelle, kontextabhängige Zusatzinformationen zu deren Bedeutung und den notwendigen Maßnahmen bereitstellt. Die App sollte die Selbsthilfe der Fahrzeughalter fördern, den Support-Aufwand für Werkstätten reduzieren und die Kundenzufriedenheit steigern.;"Projektleitung als Product Owner mit Verantwortung für die Produktvision und die Kundenkommunikation.
Erstellung der technischen Konzeption und Definition der AR-Funktionalitäten.
Steuerung des 7-köpfigen Teams, Sicherstellung der Einhaltung von Zeit und Budget.
Koordination der technischen Entwicklung mit den eingesetzten Technologien Vuforia, Unity und C++.";"Sicherstellung der visuellen Genauigkeit und Stabilität der AR-Darstellungen.
Unterstützung bei der Entwicklung der Benutzeroberfläche und der Kontextinformationen.";"Proof of Concept (POC) für die AR-App zur Erkennung und Visualisierung von Warnleuchten im Fahrzeugcockpit.
Nachweis der Machbarkeit einer automatisierten Leuchten-Erkennung per AR mit Visualisierung kontextabhängiger Informationen.";Sicherstellung der Erkennungsgenauigkeit der Warnleuchten unter verschiedenen Licht- und Reflexionsbedingungen.;English;Augmented Reality, Vuforia, Unity, POC, Mobile App, Cockpit-Diagnose, iOS, AR-Erkennung, Automotive, Bildverarbeitung, Benutzerfreundlichkeit, Fahrzeughalter-Unterstützung
Entwicklung der Easy-Login-Funktion für die Mocca App (Zentrale Plattform für Instore-Digitalisierung);4;08/2018 – 12/2018;Fashion Retail, Instore-Digitalisierung;Hugo Boss;Vor Ort;;App;Solution Architekt, Entwickler;3;Medium;Jira, Confluence, Xcode, Git;Swift, Webkit, UIKit, JSON, CoreData;In den Hugo Boss Stores nutzen Mitarbeiter iPads, um digitale Dienste über die Mocca App zu verwenden. Vor der Einführung der Easy-Login-Funktion mussten sich die Mitarbeiter mit ihrem persönlichen Microsoft-Account anmelden. Dies war aufgrund von Passwortrichtlinien und iPad-Beschränkungen umständlich und fehleranfällig. Ziel des Projekts war die Entwicklung einer neuen, benutzerfreundlichen Anmeldemöglichkeit, die auf einer PIN basiert, ähnlich der Gerätesperre von iPads. Die Lösung sollte sicher, intuitiv und einfach zu bedienen sein, ohne den Kundenkontakt der Store-Mitarbeiter zu stören.;"Entwurf und Entwicklung einer Benutzeroberfläche für eine effiziente und einfache Anmeldung.
Implementierung einer PIN-basierten Anmeldefunktion mit Verwaltung der benutzerspezifischen PINs.
Sicherstellung der Einhaltung strenger Datenschutz- und Sicherheitsanforderungen.
Entwicklung eines dynamischen Layouts zur Unterstützung von iPod Touches und iPads.";"Erstellung von Schulungsmaterial zur Einführung der neuen Login-Funktion.
Persönliche Einführung der Lösung in einem Store in Wien.";"Einführung der neuen, PIN-basierten Anmeldemöglichkeit für Store-Mitarbeiter weltweit.
Steigerung der Nutzerzufriedenheit durch eine reibungslose Anmeldung ohne umständliche Microsoft-Passwörter.
Erhöhung der Nutzung der App während Kundengesprächen durch Wegfall der komplizierten Login-Hürden.
";"Umsetzung robuster Datenschutz- und Verschlüsselungsmechanismen für personenspezifische Daten.
Sicherstellung der App-Stabilität bei eingeschränkter WLAN-Verbindung und schwierigen Lichtverhältnissen in den Stores.";"German,
English";Instore-Digitalisierung, Benutzerfreundlichkeit, PIN-Anmeldung, Sicherheitsanforderungen, UI/UX-Design, iOS-Entwicklung, iPad, iPod Touch, Datenverschlüsselung, Kundenfokus, Store-Mitarbeiter-Support
Entwicklung einer Eigenen Scanning-Bibliothek zur Erfassung von Preisschildern und QR-Codes;4;07/2020 – 12/2020;Fashion Retail, Instore-Digitalisierung;Hugo Boss;Vor Ort;;App;Solution Architekt, Entwickler, Mentor;2;Small;Jira, Confluence, Git, Xcode;Swift, Scandit, AVFoundation, QR and Label Scanning;Hugo Boss nutzte zuvor die kostenpflichtige Scandit-Bibliothek zur Erfassung von Preisschildern und QR-Codes in ihren Store-Anwendungen. Ziel des Projekts war es, die Abhängigkeit von dieser Lizenz zu beenden und eine interne, eigenentwickelte Bibliothek zu entwickeln, die sich einfach in bestehende Apps integrieren lässt. Die neue Lösung sollte leistungsfähig, benutzerfreundlich und anpassbar sein, um die Effizienz und Usability der Geschäftsprozesse in den Stores zu verbessern.;"Konzeption und Entwicklung einer eigenen Scanning-Bibliothek zur Erfassung von Preisschildern und QR-Codes.
Erstellung einer Test-App zur Demonstration der Funktionsweise der Bibliothek.
Optimierung der Usability und Performance für die Nutzung durch Store-Mitarbeiter.
Integration der Bibliothek in bestehende Apps von Hugo Boss.";"Einführung eines Werkstudenten in die mobile Entwicklung, Swift und Git.
Veröffentlichung des Source Codes als Open-Source-Projekt auf GitHub zur Förderung der Community-Nutzung und -Weiterentwicklung.";"Erfolgreiche Entwicklung einer eigenständigen Scanning-Bibliothek.
Kündigung der Scandit-Lizenz und Integration der Eigenentwicklung in bestehende Hugo Boss Apps.
Einsparung von Lizenzkosten und Unabhängigkeit von Drittanbietern.";"Sicherstellung der Performance und Robustheit der Scanning-Funktionen in den Filialen. Insbesondere bei schlechten Lichtverhältnissen.
Optimierung der Erkennungsrate und der Benutzerfreundlichkeit der Bibliothek.";"German,
English";Open Source, QR-Code, Scanning-Bibliothek, Mobile Apps, iOS-Entwicklung, Kostenreduktion, Usability, Instore-Digitalisierung, Preisschild-Erfassung, Mitarbeiterentwicklung
Entwicklung einer App zur Etikettenerstellung und -druck in Stores;3;09/2020 – 12/2020;Fashion Retail, Instore-Digitalisierung;Hugo Boss;Vor Ort;;App;Solution Architekt, Entwickler, Mentor;3;Small;Xcode, Swift, Zebra-Drucker (API-Anbindung), Scan-Bibliothek;Swift, Scandit, AVFoundation, QR and Label Scanning, Zebra, Design Thinking;"In den Stores von Hugo Boss besteht regelmäßig die Notwendigkeit, beschädigte oder fehlende Etiketten nachzudrucken sowie Etiketten für Rabattaktionen zu erstellen. Dieser Prozess war bislang zeitaufwendig und fehleranfällig, insbesondere unter schlechten Lichtverhältnissen oder bei instabiler WLAN-Abdeckung. Ziel des Projekts war die Entwicklung einer App, die das Etikettendrucken effizient, einfach und stabil macht.

Die App ermöglicht es den Store-Mitarbeitern, Etiketten direkt vor Ort zu drucken, ohne zusätzliche Geräte oder Desktop-Systeme zu verwenden. Über eine intuitive Benutzeroberfläche können Barcodes und QR-Codes erstellt. Die Erfassung der EANs erfolgt entweder durch die Scan-Bibliothek oder die manuelle Eingabe. Der Druckvorgang erfolgt direkt über eine API-Schnittstelle zum Zebra-Drucker, wodurch die Druckaufträge unMediumbar verarbeitet werden.";"Technische Konzeption und Architektur der App als Solution Architekt.
Technische Leitung der App-Entwicklung und Sicherstellung der Code-Qualität.
Entwicklung der API-Anbindung zu Zebra-Druckern zur direkten Druckausgabe.
Implementierung der Funktionalitäten zur Barcode- und QR-Code-Erfassung (Scan-Bibliothek & manuelle Eingabe).
Entwicklung einer robusten und stabilen Anwendung, die auch bei eingeschränkter WLAN-Abdeckung und schlechten Lichtverhältnissen zuverlässig funktioniert.";"Coaching und Betreuung von zwei Werkstudenten in den Bereichen App-Entwicklung, Swift und Softwareentwicklungsmethodik.
Durchführung einer Pilotphase zur Optimierung der App und Implementierung von Feedback aus der Praxis.";"Entwicklung und weltweiter Rollout der Etikettendruck-App in allen Hugo Boss Stores.
Effiziente, stabile und benutzerfreundliche Lösung zur Etikettenerstellung und -druck.
Optimierung der Arbeitsabläufe im Store durch reduzierten Zeitaufwand bei der Etikettenerstellung.";"Sicherstellung der Stabilität und Benutzerfreundlichkeit der App bei schwacher WLAN-Abdeckung und ungünstigen Lichtverhältnissen.
Gewährleistung der Druckstabilität und Performance bei direkter Ansteuerung der Zebra-Drucker.
Zeitmanagement auf Grund der limitierten Verfügbarkeit der Werkstudenten";"German,
English";Mobile Apps, Etikettendruck, QR-Code, Barcode, Instore-Digitalisierung, API-Anbindung, Zebra-Drucker, iOS, Coaching, Mitarbeiterentwicklung, Prozessoptimierung
Augmented Reality (AR) App zum Sakura Fest ;2;10/2020 – 11/2020;Fashion Retail, Instore-Digitalisierung, Event Experience;Hugo Boss;Hybrid;;App;Solution Architekt, Entwickler;2;Small;Xcode, Git;Swift, ARKit;Anlässlich des Sakura Fests in Japan wollte Hugo Boss den Besuchern des Flagship Stores ein besonderes digitales Erlebnis bieten. Ziel war es, eine Augmented-Reality-App zu entwickeln, die in Kombination mit einer markierten Fläche im Store einen virtuellen Sakura-Baum (Kirschbaum) in voller Blüte präsentiert. Dies sollte das Shop-Design digital erweitern und den Besuchern ein unvergessliches Markenerlebnis bieten.;"Entwicklung einer Augmented Reality (AR) App, die ein 3D-Modell eines Kirschbaums in voller Blüte in den Raum projiziert.
Technische Leitung der Entwicklung und Sicherstellung der Kompatibilität mit den technischen Gegebenheiten des Stores.
Nutzung der ARKit-Technologie, um die virtuelle Platzierung und Bewegung des 3D-Baums zu ermöglichen.";;Erfolgreicher Proof of Concept (POC) zur Demonstration der Möglichkeiten digitaler Inhalte zur Ergänzung des Store-Designs.;Überzeugung von Management-Stakeholdern und Gewinnung der Unterstützung für das digitale Store-Design-Konzept.;English;Augmented Reality, ARKit, POC, 3D-Modellierung, Store-Experience, Event Experience, Instore-Digitalisierung, Fashion Retail, Shop-Design, Besucherinteraktion
Mitgestaltung der Nearshore-Standorte in Prag und Zilina zur Steigerung der Wettbewerbsfähigkeit;4;09/2015 – 03/2018;IT-Entwicklung, Nearshore-Management, Mobile & Web-Entwicklung;Inloop GmbH;Hybrid;;Agile;Technical Lead, Prozessverantwortlicher, Onsite-Koordinator;15;Medium;Jira, Confluence, Slack, PowerPoint, Git, Jenkins;Nearshore-Management, Agile Methoden (Scrum, Kanban), Prozessoptimierung, Teamentwicklung, Technologiemanagement;"Um die Wettbewerbsfähigkeit der inloop GmbH auf dem Markt der IT-Dienstleistungen zu stärken, wurden Nearshore-Standorte in Prag (Tschechien) und Zilina (Slowakei) etabliert. Ziel war es, den Kostenvorteil durch niedrigere Tagessätze der Nearshore-Entwickler mit einer hohen Qualitätssicherung durch Onsite-Technical-Leads beim Kunden vor Ort zu kombinieren.

Durch diese Strategie konnten die Entwicklungskosten gesenkt und gleichzeitig die Projektqualität erhöht werden, da ich als Technical Lead direkt beim Kunden agierte, die Teams steuerte und als technisches Bindeglied zwischen Kunden und Nearshore-Teams fungierte. Dieses Modell ermöglichte es den Kunden, flexibel auf Kapazitätsengpässe zu reagieren und gleichzeitig die Projektkosten zu senken.";"Mitgestaltung der Nearshore-Standorte in Prag (Tschechien) und Zilina (Slowakei) zur Steigerung der Wettbewerbsfähigkeit der inloop GmbH.
Steuerung der Nearshore-Entwicklungsteams in Prag und Zilina zur Sicherstellung der technischen Exzellenz in Kundenprojekten.
Direkte Kundenkommunikation als Technical Lead vor Ort: Koordination und Unterstützung der Kundenprojekte durch technische Führung und Beratung.
Etablierung technischer Standards (Coding-Guidelines, Architekturstandards) in den Projekten mit den Nearshore-Teams.
Sicherstellung der Wettbewerbsfähigkeit durch die Kombination von Nearshore-Entwicklern mit günstigen Tagessätzen und einem vor Ort präsenten Technical Lead.
Koordination der Zusammenarbeit mit den Kunden: Sicherstellung einer reibungslosen Kommunikation zwischen Kunde, Onsite-Team und Nearshore-Entwicklung.";"Onboarding neuer Nearshore-Mitarbeiter in den Projekten, einschließlich der Vermittlung der spezifischen Kundenanforderungen.
Prozessentwicklung: Einführung von Best Practices für die Integration von Nearshore-Teams in Projekte mit vor Ort eingesetzten Leads.
Kostensenkung: Durch die Nutzung kostengünstiger Nearshore-Teams in Verbindung mit der Steuerung durch Onsite-Technical-Leads konnten die Projektkosten signifikant gesenkt werden.";"Steigerung der Wettbewerbsfähigkeit der inloop GmbH durch eine effiziente Kombination von Nearshore-Entwicklern (günstige Tagessätze) und technischen Leads beim Kunden vor Ort.
Erfolgreiche Integration der Nearshore-Teams in die Kundenprojekte, die von der Daimler AG, Bosch Power Tools und Kverneland in Auftrag gegeben wurden.
Flexibilität in der Projektabwicklung: Die Projekte konnten je nach Ressourcenbedarf flexibel besetzt werden, indem zusätzliche Nearshore-Entwickler eingebunden wurden.
Kostenreduktion durch Nearshore-Entwicklung: Die Kunden profitierten von niedrigeren Entwicklungskosten, da der Großteil der Umsetzungsarbeit durch die Nearshore-Teams übernommen wurde.";"Kommunikationsbarrieren: Sicherstellung der reibungslosen Kommunikation zwischen dem Kunden vor Ort und den Nearshore-Teams in Prag und Zilina.
Unterschiedliche Arbeitsweisen: Abstimmung der Arbeitsmethoden (Scrum, Kanban) zwischen den Onsite- und Nearshore-Teams.
Einheitliche technische Standards: Sicherstellung, dass alle Nearshore-Teams die gleichen Coding-Guidelines, Architekturstandards und Qualitätssicherungsmaßnahmen einhalten.
Kulturelle Unterschiede: Überbrückung der kulturellen Unterschiede zwischen den Nearshore-Teams und den vor Ort arbeitenden Kunden.";English;Nearshore-Management, Standortentwicklung, Teamentwicklung, Agile Methoden, Scrum, Kanban, Coding-Guidelines, Prozessoptimierung, Wettbewerbsfähigkeit, Stakeholder-Management, Onsite-Präsenz, Remote-Work, Onboarding, Kosteneinsparung, Führungserfahrung
Web-Plattform zur Planung, Kalkulation und Umsetzung von Sanitärprojekten;2;08/2017 – 02/2018;Sanitär- und Handwerksbranche;Badnet GmbH;Hybrid;;Agile;Scrum Master, Kundenbetreuer;9;Medium;Jira, Confluence, Git;Design Thinking, Scrum;BADnet benötigte eine digitale Plattform, die die Planung, Kalkulation und Umsetzung von Sanitärprojekten auf Basis konfigurierbarer Standardmodule ermöglicht. Ziel war es, den Planungsprozess zu digitalisieren und durch die weitgehende Vorfertigung der Module die Effizienz der Projektumsetzung zu steigern. Dies sollte es Handwerksbetrieben ermöglichen, mit weniger Personal mehr Projekte gleichzeitig abzuwickeln, den Fachkräftemangel zu kompensieren und gleichzeitig die Kunden durch visuelle 3D-Planungen enger in den Prozess einzubinden.;"Einführung und Anwendung agiler Methoden (Scrum) im gesamten Projektteam.
Leitung von Scrum-Ritualen wie Daily Standups, Sprint-Planungen und Retrospektiven.
Koordination der Entwicklungsteams und Sicherstellung der termingerechten Lieferung von Produktinkrementen.
Enge Abstimmung mit dem Kunden zur kontinuierlichen Anforderungsklärung und Priorisierung.
";"Unterstützung bei der Erstellung der Produktvision und der funktionalen Anforderungen.
Qualitätssicherung und Prüfung der umgesetzten Features vor der Abnahme durch den Kunden.";"Entwicklung einer vollständig funktionalen Web-Plattform zur Konfiguration von Standardmodulen für Sanitärprojekte.
Optimierung des Planungsprozesses und der Kalkulation für Handwerksbetriebe.
Steigerung der Effizienz der Projektumsetzung durch weitgehende Vorfertigung von Modulen.";"Sicherstellung der Usability der Plattform für Kunden, Handwerksunternehmen und Planer.
Management der kontinuierlichen Anforderungsänderungen während der Entwicklung.";German;Web-Plattform, Prozessdigitalisierung, Scrum, Agile Methoden, Jira, Sanitärbranche, Standardmodule, Handwerksbetriebe, Plattformentwicklung, Kundenkommunikation
Aufbau einer Komponentenbibliothek für Angular zur Standardisierung von Web-Apps;4;01/2021 - 04/2022;Fashion Retail, Web-Entwicklung, Corporate Design;Hugo Boss;Hybrid;;Agile;Product Owner;4;Small;Jira, Confluence, Git, NPN, Slack, Frontify, Slack;Komponentenbibliothek, Standardisierung von Web-Apps, UI/UX-Design, Angular, Stakeholder-Management, Produktvision;"Die bestehenden Web-Anwendungen von Hugo Boss wurden bisher auf Projektebene individuell entwickelt, was zu uneinheitlichen Benutzeroberflächen (Look & Feel) und einer fragmentierten App-Landschaft führte. Wartungsarbeiten und Anpassungen an geänderte Corporate-Identity-Vorgaben waren aufwändig und teuer, da jede Anwendung separat angepasst werden musste.

Um dies zu lösen, wurde die Entwicklung einer zentralen Komponentenbibliothek für Angular gestartet. Ziel war es, eine einheitliche visuelle Sprache für alle Web-Anwendungen zu etablieren, die auf den Corporate Design Guidelines von Hugo Boss basiert. Die Bibliothek sollte als NPM-Bibliothek veröffentlicht werden, sodass Entwicklerteams die Komponenten direkt in ihre Projekte integrieren können. Zusätzlich wurde eine Web-App entwickelt, die sowohl Best Practices als auch Referenzprojekte präsentiert, die neue Projekte als Vorlage nutzen können.";"Produktvision entwickeln und vorantreiben: Definition der Vision und der langfristigen Ziele der Komponentenbibliothek.
Stakeholder-Management: Enge Zusammenarbeit mit den Stakeholdern (UX-Designer, Entwickler, IT-Leitung) zur Definition der Anforderungen und Validierung der Umsetzungsschritte.
Budgetkontrolle & Entwicklungsschritte: Regelmäßige Überprüfung der Budgeteinhaltung und der nächsten Entwicklungsschritte, um sicherzustellen, dass die Entwicklungsziele erreicht werden.
Technologische Steuerung: Überwachung der Entwicklung der NPM-Bibliothek sowie der beiden Nutzerbereiche der Web-App (Endkunden-Ansicht & interne Professional-Ansicht).
UI/UX-Standardisierung: Sicherstellung der Einhaltung der Corporate Design Guidelines in allen entwickelten Komponenten.";"Inspiration durch Referenzprojekte: Aufbau eines Bereichs in der Web-App, der Referenzprojekte anzeigt, um Teams zu inspirieren und bestehende Lösungen für neue Projekte nutzbar zu machen.
Coaching der Entwicklerteams: Unterstützung der Entwicklungsteams bei der Nutzung der neuen Komponentenbibliothek in bestehenden Projekten.";"Entwicklung einer standardisierten Design-Bibliothek mit Best Practices und wiederverwendbaren Komponenten, die als NPM-Bibliothek in Angular-Projekte integriert werden kann.
Web-App mit zwei Benutzerbereichen: Ein Bereich für Endkunden-Ansichten und ein Bereich für interne Professionals, der Referenzprojekte und Best Practices zeigt.
Reduktion der Entwicklungs- und Wartungskosten: Durch die Wiederverwendbarkeit der Komponenten konnte der Aufwand für künftige Projekte signifikant reduziert werden.
Einheitliches Corporate Design: Die einheitliche visuelle Sprache in allen Web-Anwendungen von Hugo Boss wurde erfolgreich umgesetzt.";"Kulturelle Transformation: Entwicklerteams mussten von der projektindividuellen Gestaltung hin zu einer zentralen Bibliothek mit standardisierten Komponenten wechseln.
Kontinuierliche Anpassung der Corporate Design Guidelines: Die Anpassung der Komponenten an geänderte Corporate-Identity-Vorgaben erforderte kontinuierliche Updates.
Nutzung durch externe Teams: Sicherstellung, dass auch externe Partner und Nearshore-Teams die Komponentenbibliothek nutzen können.";English;Komponentenbibliothek, UI/UX, NPM, Angular, Design-System, Corporate Identity, Web-Entwicklung, Stakeholder-Management, Produktvision, Referenzprojekte, Change-Management, Führungserfahrung, Wiederverwendbarkeit von Komponenten
Enterprise Agile Coach – Agile Transformation der Handels-IT bei EnBW;5;05/2022 – 01/2024;Energiewirtschaft, Handels-IT, Agile Transformation;EnBW ;Hybrid;;Agile;Enterprise Agile Coach;160 (~25 Teams);High;Azure DevOps, MSTeams, Power Point, Excel, Sharepoint, Word, Conceptboard;SAFe, Scrum, PI Planning, Scrum Master Chapter, Azure DevOps, Backlog-Management, Flow Metrics, Abhängigkeits-Tracking, Risiko-Mitigation, Prozessvisualisierung, Workshop-Moderation;"Der Energiehandel der EnBW benötigte eine effiziente und transparente Steuerung der Handels-IT. Ziel war die Einführung eines skalierten agilen Vorgehensmodells basierend auf SAFe, um Abhängigkeiten zu klären, Risiken zu mitigieren und die Zusammenarbeit der Teams zu verbessern.

Durch die Einführung von transparenzfördernden KPIs wie Kundenzufriedenheit (CSAT) und Team Health Checks sowie agilen Metriken wie Cycle Time, Lead Time und Flow Efficiency wurde die Leistungsfähigkeit der Teams messbar. Das quartalsbasierte Planungsevent förderte eine strukturierte Roadmap-Planung und die clusterübergreifende Abstimmung, wodurch Effizienz und bereichsübergreifende Zusammenarbeit nachhaltig verbessert wurden.";"Entwurf und Implementierung eines skalierten agilen Vorgehensmodells für die Handels-IT basierend auf SAFe-Best-Practices.
Harmonisierung des Portfoliomanagements und des Backlog-Managements für alle Teams der Handels-IT.
Verantwortung für das Scrum Master Chapter: Beratung und Coaching der Scrum Master und Sicherstellung der einheitlichen Prozessnutzung in allen Teams.
Coaching der Führungskräfte (L1-L3), insbesondere der Cluster-Führungskräfte, zur Einführung agiler Arbeitsmethoden.
Einführung und Konfiguration von Azure DevOps: Aufbau von Namenskonventionen, Backlog-Strukturen, Vorlagen und Dashboards.
Definition von Prozessen zur Risiko-Mitigation und Abhängigkeits-Management: Entwicklung von Methoden und Tools zur Risikomitigation und Priorisierung in der Quartalsplanung.
Moderation und Durchführung des clusterübergreifenden Quartalsplanungsevents: Planung, Moderation und kontinuierliche Optimierung des Events, bei dem alle Teams ihre Roadmaps erstellen und Abhängigkeiten auflösen.
Schulungs- und Trainingsangebote: Entwicklung und Durchführung von Schulungen zu den Themen Backlog-Management, agile Schätzmethoden und Portfolio-Management.
Einführung von KPIs zur Messung der Kundenzufriedenheit (CSAT) und der Teamzufriedenheit zur Erfolgskontrolle und Prozessoptimierung.
Etablierung verpflichtender agiler Metriken (z. B. Cycle Time, Lead Time, Flow Efficiency und Burnup/Burndown-Charts) zur Unterstützung der Teamsteuerung und Prozessverbesserung.";"Schulungsentwicklung: Entwurf und Durchführung von Schulungsmaterial für die Einführung von agilen Methoden und Prozessen im Bereich Backlog-Management und Schätzmethoden.
Einführung von Prozessvorlagen: Entwicklung von Dokumentationstemplates für Risikoanalyse, Backlog-Management und Release-Planung.
Soziale Komponenten: Konzeption und Moderation der Netzwerkaktivitäten während des Quartalsplanungsevents, um die bereichsübergreifende Zusammenarbeit zu fördern.";"Skalierter agiler Prozess für die Handels-IT der EnBW eingeführt: Teams konnten abteilungsübergreifend nach einem einheitlichen Vorgehensmodell arbeiten.
Implementierung eines quartalsbasierten Planungsevents: Dieses Event, inspiriert von PI Planning, wird clusterübergreifend alle 3 Monate durchgeführt, um die Roadmap, Abhängigkeiten und Risiken für die kommenden Quartale zu klären.
Harmonisierung der Backlog- und Namenskonventionen in Azure DevOps, wodurch die Produktivität der Teams gesteigert wurde.
Höhere Team-Autonomie und Verantwortungsübernahme durch Coaching der Scrum Master und Führungskräfte.
Bessere Risiko- und Abhängigkeitskontrolle durch standardisierte Prozesse und kontinuierliche Moderation.
Messbare Kundenzufriedenheit (CSAT) und Team Health Checks: Einführung von Metriken zur Messung der Zufriedenheit der Stakeholder und Teammitglieder sowie zur Verbesserung der Prozesse.
Einheitliche agile Metriken für alle Teams: Einführung von Cycle Time, Lead Time, Burnup/Burndown-Charts und anderen Metriken zur transparenten Steuerung der Teams.";"Synchronisation der Teams im Quartalsplanungsevent: Sicherstellung der bereichsübergreifenden Abstimmung von Abhängigkeiten und Risiken zwischen den Teams.
Technische Implementierung von Azure DevOps: Einführung von einheitlichen Backlog- und Namenskonventionen sowie Schulung der Teams zur effektiven Nutzung der Plattform.
Führungskräfte-Coaching: Anpassung der agilen Führungskompetenzen auf L1-L3-Führungskräfte-Ebene (C-Level, Bereichsleiter, Abteilungsleiter) und Schulung der Methoden zur Steuerung agiler Prozesse.
Harmonisierung des Backlog-Managements: Einheitliche Priorisierung und Vermeidung von Inkonsistenzen über die verschiedenen Cluster hinweg.
Messbarkeit der Kundenzufriedenheit: Etablierung von CSAT-Metriken zur kontinuierlichen Messung der Zufriedenheit der internen und externen Stakeholder.";English;Enterprise Agile Coach, Agile Transformation, SAFe, Scrum, Scrum Master Chapter, Portfolio-Management, Prozessoptimierung, Abhängigkeitsmanagement, Risikomanagement, Backlog-Management, Azure DevOps, Flow Metrics, Release-Planung, PI Planning, Führungskräfte-Coaching, Workshop-Moderation, Netzwerkaufbau, Team Health Checks, Kundenzufriedenheit, KPI-Dashboards, agile Metriken, Transparenz
Release Train Engineer (RTE) – Einführung skalierter agiler Prozesse in der Handels-IT bei EnBW;5;10/2022 – heute;Energiewirtschaft, Handels-IT, Agile Transformation;EnBW ;Hybrid;125 €/h;Agile;Release Train Engineer (RTE);5;Medium;Azure DevOps, MSTeams, Power Point, Excel, Sharepoint, Word, Conceptboard;SAFe, Scrum,  PI Planning, Backlog-Management, Flow Metrics, Workshop-Moderation;"Parallel zu meiner Rolle als Enterprise Agile Coach war es wichtig, die Ergebnisse dieser Tätigkeit direkt in einem Cluster der Handels-IT zu implementieren und weiterzuentwickeln. Ziel war es, von Anfang an ein iteratives Vorgehen bei der Einführung der skalierten Agilität zu leben.

Die Ausgangssituation war geprägt von inkonsistenten Prozessen und Werkzeugen innerhalb der Teams. Die einzelnen Teams arbeiteten nach unterschiedlichen Methoden, mit verschiedenen Tools und ohne standardisierte Prozesse. Dies führte zu einer fragmentierten Arbeitsweise und einer erschwerten Synchronisation der Roadmaps über die Teams hinweg.
";"Einführung der skalierten agilen Methoden im Cluster und Sicherstellung der Umsetzung in 5 Teams
Coaching der Scrum Master bei der Einführung agiler Methoden und Nutzung von Tools (z. B. Azure DevOps)
Überwachung der Einhaltung der Prozesse und Korrekturmaßnahmen bei Abweichungen
Inhaltliche Vorbereitung der Teams für die Quartalsplanung (Backlogs auf Feature-Ebene, Priorisierung, Commitments)
Durchführung von Checkpunkten während der Planung zur Überprüfung des Fortschritts der Teams
Unterstützung der Teams bei der Synchronisation ihrer Roadmaps und der Abstimmung von Abhängigkeiten
Statusüberprüfung der Teams während der Planungstage und Sicherstellung des Abschlusses der Roadmaps
Stakeholder-Kommunikation: Enges Reporting an die Führungskräfte und die Stakeholder zu den Fortschritten der Planung und den Abhängigkeiten der Teams.
Workshop-Moderation: Durchführung von Workshops zur Abstimmung der Roadmap und zur Verbesserung der Teamzusammenarbeit.
Betreuung der Teams während des Quartals: Unterstützung der Teams bei der Umsetzung und Anpassung ihrer Roadmaps
Justierung der Roadmaps: Sicherstellung, dass die Roadmaps während des Quartals an Veränderungen angepasst werden";"Organisation von Schulungsmaterialien: Erstellung von Schulungsmaterialien und Vorlagen zur Unterstützung der Teams bei der Roadmap-Erstellung, Backlog-Management und Priorisierung.
Organisation der Quartalsplanung (Räume, Catering, Besucheranmeldung) in Abstimmung mit dem Backoffice";"Harmonisierte agile Prozesse und vereinheitlichte Arbeitsweisen in 5 Teams
Einführung einer klaren, standardisierten Quartalsplanung mit synchronisierten Team-Roadmaps
Verbesserung der Synchronisation zwischen den Teams durch regelmäßige Status-Checkpunkte
Effizientere Organisation der Planungstage durch frühzeitige Abstimmung mit dem Backoffice
Reduzierung von Verzögerungen durch proaktives Abhängigkeitsmanagement und Risikomitigation
Höhere Transparenz und Effizienz durch abgestimmte Feature-Roadmaps mit klaren Commitments und Prioritäten
Effektive Unterstützung der Scrum Master und Multiplikation der agilen Prinzipien im Cluster
Kontinuierliche Betreuung der Teams während des Quartals zur Sicherstellung der Umsetzung der Roadmaps
Erfolgreiche Justierung der Roadmaps während des Quartals bei Änderungen der Prioritäten oder unerwarteten Ereignissen";"Synchronisation der Teams im Cluster: Sicherstellen, dass alle Teams ihre Roadmaps synchronisieren, ohne den Fortschritt der anderen Teams zu behindern.
Logistische Komplexität der Quartalsplanung: Sicherstellen der Verfügbarkeit von Räumen, Equipment und Catering in Abstimmung mit dem Backoffice.
Monitoring der Teams während der Planungstage: Sicherstellen, dass alle Teams ihre Roadmaps innerhalb der Planungszeit abschließen und ihre Ergebnisse präsentieren.
Motivation der Teams bei der Einführung der Prozesse: Einige Teams waren zunächst skeptisch gegenüber der Einführung der neuen Methoden und Tools.";English;Release Train Engineer, RTE, SAFe, Scrum, Agile Transformation, Cluster, Roadmap-Management, PI Planning, Event-Organisation, Logistik, Backlog-Management, Coaching, Monitoring, Harmonisierung von Prozessen, Abhängigkeitsmanagement, Status-Checkpunkte, Feature-Roadmap
Agile Coach – Einführung agiler Prozesse für ein Low-Code-Team;3;04/2023 – 10/2023;Energiewirtschaft, Handels-IT, Agile Transformation;EnBW;Hybrid;;Agile;Agile Coach;6;Small;Microsoft Power Automate, RPA, UIPath, Scrum, Azure DevOps;Scrum, Backlog-Management, Workshop-Moderation, Active Listening;"Das Low-Code-Team der Handels-IT war als Service-Team für die gesamte Organisation positioniert. Ziel des Teams war es, individuelle Prozessautomatisierungen für die Fachbereiche zu entwickeln. Diese Automatisierungen betrafen häufig Smalle Insellösungen, die einzelne Arbeitsschritte innerhalb der Geschäftsprozesse der Fachbereiche unterstützen sollten.

Das Team arbeitete mit zwei externen Entwicklungshäusern und war stark von den Anfragen der Fachbereiche getrieben. Die Zusammenarbeit mit den Stakeholdern war geprägt von hohem Koordinationsaufwand und einem hohen operativen Betrieb, da das Team gleichzeitig neue Lösungen entwickeln und bestehende Systeme betreiben musste. Da die Stakeholder in verschiedenen Fachbereichen verteilt waren, war eine klare Synchronisation der Anforderungen notwendig, um Konflikte und Verzögerungen zu vermeiden.";"Aufbau eines transparenten Backlogs in Azure DevOps zur Erfassung, Priorisierung und Nachverfolgung der Anforderungen
Einführung eines Anforderungsprozesses zur systematischen Erfassung, Bewertung und Priorisierung der Anforderungen aus den Fachbereichen
Etablierung klarer Rollen und Verantwortlichkeiten (z. B. Scrum Master, Entwickler, technischer Lead) zur Trennung der Aufgaben zwischen Entwicklung und Betrieb
Einführung von Scrum-Regelterminen (Dailys, Reviews, Retros) zur Synchronisation der Teams und Verbesserung der Teamtransparenz
Coaching der Scrum Master, Entwickler und Stakeholder zur effektiven Nutzung der neuen agilen Prozesse und Tools
Einführung eines Scrum Masters, der die operative Unterstützung des Teams übernahm";"Intensive Bedarfsanalyse durch Zuhören und Verstehen: Vor der Entwicklung des Prozessmodells wurden gezielt Stakeholder, Nutzer, Management und Entwickler befragt. Das Ziel war es, die tatsächlichen Bedürfnisse und Herausforderungen zu verstehen, um ein maßgeschneidertes Prozessmodell zu entwickeln, das von allen Beteiligten akzeptiert wird.
Stakeholder-Management und Kommunikationsmoderation zur Sicherstellung der synchronen Abstimmung von Anforderungen und Prioritäten";"Transparenz durch ein strukturiertes Backlog in Azure DevOps, das Anforderungen, Prioritäten und Fortschritte sichtbar machte
Verbesserte Zusammenarbeit mit den Stakeholdern durch die Einführung eines strukturierten Anforderungsprozesses und regelmäßige Reviews
Etablierung klarer Rollen und Verantwortlichkeiten innerhalb des Teams, wodurch eine klare Trennung der Aufgaben und Zuständigkeiten erreicht wurde
Reduktion der Betriebsbelastung des Teams durch die Einführung eines Scrum Masters, der die operativen Aufgaben übernahm
Einheitliche Arbeitsweise und Synchronisation der beiden Entwicklungshäuser durch die Einführung von Scrum-Regelterminen und das Coaching der Beteiligten";"Synchronisation der Entwicklungshäuser: Zwei externe Dienstleister mit unterschiedlichen Vorgehensweisen mussten auf eine einheitliche Arbeitsweise gebracht werden
Etablierung eines Anforderungsprozesses: Fachbereiche mussten lernen, Anforderungen systematisch zu erfassen und zu priorisieren
Verlagerung der operativen Aufgaben: Die Trennung der Entwicklungsaufgaben vom operativen Support war eine zentrale Herausforderung, um das Team zu entlasten";English;Agile Coach, Low-Code, Backlog-Management, Scrum, Azure DevOps, Prozessdesign, Stakeholder-Management, Anforderungsmanagement, Transparenz, RPA, UIPath, Power Automate
Agile Coach – Einführung der skalierten Agilität und DevOps-Kultur in zwei Teams;5;01/2024 – heute;Energiewirtschaft, Handels-IT, Agile Transformation;EnBW;Hybrid;125 €/h;Agile;Agile Coach;26;Medium;Power Point, Excel, Azure DevOps, MSTeams, Conceptboard, ChatGPT; Scrum, SAFe, Kanban, DevOps, Offshore-Kooperation, Backlog-Management, Workshop-Moderation, Flow Metrics, Agile Metrics, Compliant Sourcing;Zwei Teams im Cluster der Handels-IT hatten Schwierigkeiten, die im Rahmen der skalierten agilen Arbeitsweise entwickelten neuen Vorgehensmodelle und Prozesse eigenständig umzusetzen. Die Teams hatten Probleme, klare Prioritäten, Abhängigkeiten und Commitments im Backlog abzubilden und zu verfolgen. Die operative Arbeitsweise war durch hohe Parallelität zwischen Entwicklung und Betrieb geprägt, wodurch es regelmäßig zu Überlastungen der Teams kam. Zudem fehlte es an Transparenz gegenüber dem Management und den Stakeholdern, was die Nachverfolgbarkeit des Fortschritts und der Prioritäten erschwerte. Gleichzeitig bestand die Anforderung, die DevOps-Kultur zu fördern, um eine nahtlose Entwicklung neuer Features sowie die Sicherstellung eines stabilen Betriebs zu ermöglichen.;"Aufbau und Pflege einer klaren Backlogstruktur mit Prioritäten, Abhängigkeiten und Commitments
Coaching der Teammitglieder, Projektleiter und Stakeholder zur Einführung agiler Arbeitsweisen und Tools
Einführung der DevOps-Kultur zur parallelen Unterstützung von Feature-Entwicklung und stabilem Betrieb
Einführung und Moderation von Scrum-Regelterminen (Dailys, Reviews, Retros) zur Synchronisation der Teams
Einführung der Hybrid-Methodik (Scrum, SAFe, Kanban) zur Synchronisation der übergeordneten Planung und operativen Themen
Einführung von KPIs zur kontinuierlichen Verbesserung der Teamperformance und Erkennung von Engpässen
Etablierung klarer Rollen und Verantwortlichkeiten im Team zur Trennung der Aufgaben zwischen Entwicklung und Betrieb
Durchführung gezielter Workshops zur Teamentwicklung und Verbesserung der Teamdynamik";"Tiefgehende Bedarfsanalyse durch Zuhören und Befragung von Stakeholdern, Teammitgliedern und Projektleitern, um die wichtigsten Bedürfnisse und Herausforderungen zu identifizieren
Entwurf eines Zusammenarbeitsmodell (aka. Agilitätsorientiertes Kommunikationsmodell) in s.g. Mixed Teams (intern + extern) welches den Auflagen des „Compliant Sourcing“ genügt.";"Transparenz durch ein klares und strukturiertes Backlog mit Prioritäten, Abhängigkeiten und Commitments
Verbesserung der Zusammenarbeit mit Stakeholdern durch regelmäßig synchronisierte Reviews und Priorisierungsmeetings
Einführung der DevOps-Kultur, die die parallele Entwicklung neuer Features und den operativen Betrieb ermöglicht
Erhöhte Teamproduktivität durch klare Trennung von Betriebsaufgaben und Entwicklungsaufgaben
Synchronisierung der Teams durch die Einführung der Hybrid-Methodik (Scrum, SAFe, Kanban) zur Harmonisierung operativer und strategischer Themen
Kontinuierliche Verbesserung durch Einführung von KPIs zur Überwachung der Teamperformance
Klare Verantwortlichkeiten und verbesserte Rollenklarheit im Team, wodurch Missverständnisse und Überlastungen reduziert wurden
Höhere Teamzufriedenheit und stärkere Selbstorganisation der Teams durch gezielte Teamentwicklungs-Workshops";"Einführung der DevOps-Kultur, um die gleichzeitige Entwicklung und den stabilen Betrieb sicherzustellen
Trennung von operativen und Entwicklungsaufgaben zur Reduktion der Parallelbelastung der Entwickler
Einführung von Scrum, SAFe und Kanban als Hybrid-Methodik, was einen kulturellen Wandel in den Teams erforderte
Synchronisation mit Offshore-Teams und Sicherstellung der Kommunikation zwischen lokalen und Offshore-Teammitgliedern
Schaffung von Transparenz gegenüber Management und Stakeholdern durch klare Darstellung des Fortschritts und der Prioritäten";English, German;Agile Coach, DevOps-Kultur, Scrum, SAFe, Kanban, Backlog-Management, Team-Coaching, Stakeholder-Management, Teamdynamik, KPI-Einführung, Offshore-Koordination, Teamentwicklung, Hybrid-Methodik, Feature-Entwicklung, operativer Betrieb, Compliant Sourcing
SAP Hybris Webshop (Selgros);1;04/2018 – 08/2018;Warenwirtschaft;Selgros;Hybrid;;Homepage;Consultant;8;High;SAP Hybris, JIRA, Confluence, Git, IntelliJ, Jenkins, MS Office;Html, CSS, SCSS, JavaScript, Anforderungsmanagement ;"Die Selgros-Kette plante die Einführung eines modernen Webshops auf Basis von SAP Hybris. Ziel war es, den digitalen Vertrieb zu erweitern, das Kundenerlebnis zu verbessern und die Umsätze im B2B-Bereich zu steigern.
Allerdings fehlte es an einer klaren Produktstrategie, insbesondere in Bezug auf die Gestaltung der Produktdetailseite sowie an einer klaren Abstimmung zwischen den beteiligten Teams (Entwicklung, Design, Fachbereiche und externe Partner). Es bestand die Notwendigkeit, die Prozesse zur Anforderungsaufnahme und Entwicklung zu harmonisieren und gleichzeitig die technische Umsetzung des Shops zu steuern.";"Konzeption der Produktdetailseite: Entwurf des Seitenlayouts, der Benutzerführung (UX) und der technischen Anforderungen für die Produktdetailansicht
Erstellung von User Stories und Pflege des Product Backlogs in JIRA zur Priorisierung der Arbeitspakete
Kundenberatung: Enge Abstimmung mit Selgros zur Erhebung von Anforderungen und Sicherstellung der Zielerreichung
Schnittstelle zwischen Kunde, Entwicklungsteam und Design: Koordination der Teamarbeit, Festlegung der Entwicklungsprioritäten und Sicherstellung der Kommunikation zwischen allen Parteien
Technische Konzeptentwicklung: Mitgestaltung des Konzepts zur Systemarchitektur, insbesondere im Hinblick auf die Produktdarstellung im Webshop (z. B. Bildformate, Ladezeiten)
Umsetzung der Produktdetailseite: Konzeption und Abstimmung der visuellen und funktionalen Gestaltung der Produktdetailseite (Layout, Bilder, Call-to-Actions, Kundeninformationen)";Anpassung der Arbeitsmethodik im Team: Unterstützung der Teams bei der Einführung eines agilen Arbeitsmodells, das eine bessere Synchronisation der Anforderungen, der User Stories und der Entwicklungszyklen ermöglicht;"Erfolgreiche Einführung der Produktdetailseite als zentrale Komponente des Webshops, die die Benutzerfreundlichkeit und die Konversionsrate erhöhte
Klarheit im Anforderungsmanagement: Einführung eines strukturierten Anforderungsmanagements mit klaren User Stories und Prioritäten, was die Effizienz des Teams steigerte
Bessere Zusammenarbeit zwischen den Teams durch klar definierte Prozesse und den Einsatz von JIRA und Confluence zur gemeinsamen Abstimmung
Transparente Kommunikation mit dem Kunden (Selgros): Enge und kontinuierliche Abstimmung mit den Stakeholdern zur Validierung der Arbeitsergebnisse und der Sicherstellung der Kundenzufriedenheit";"Abstimmung zwischen Entwicklung, Kunde und Design: Sicherstellung der Synchronisation der Anforderungen und Umsetzung der Designvorgaben innerhalb des agilen Prozesses
Veränderung der Anforderungen während der Entwicklung: Anpassung der Produktdetailseite an neue Anforderungen, ohne den Projektplan zu gefährden
Komplexität der Produktdarstellung: Sicherstellung, dass die Produktdetailseite eine hohe Performance und Benutzerfreundlichkeit bietet, auch bei größeren Produktmengen";German;SAP Hybris, Product Owner, Consultant, Webshop, E-Commerce, Anforderungsmanagement, JIRA, Confluence, UX/UI-Design, Backlog-Management, Produktdetailseite, Agile Methoden, Kundenzufriedenheit, Cross-Team-Kommunikation, Technische Konzeption
marcelruss.de;3;02/2021 – heute;Portfolio-Seite;Eigenentwicklung;Vor Ort;;Homepage;Konzeption, Design, Entwicklung, Deployment, Wartung;1;Small;Jekyll, Github Pages, Pixelmator, VSCode;Html, CSS, SCSS, JavaScript, YAML, Liquid ;"Als Softwareentwickler, Teamleiter und Agile Coach sind Projekte, technische Fähigkeiten und Führungskompetenzen oft schwer greifbar, wenn sie nur in einem klassischen Lebenslauf aufgeführt werden. Um potenziellen Kunden, Auftraggebern und Partnern einen umfassenderen Einblick in die eigenen Fähigkeiten zu geben, war eine Portfolio-Website erforderlich, die Projekte, Kompetenzen und berufliche Erfolge visuell ansprechend darstellt.
Ein weiteres Ziel war es, die persönliche Marke zu stärken und eine zentrale Anlaufstelle für alle professionellen Informationen zu schaffen.";"Erstellung einer Portfolio-Website zur Präsentation der eigenen beruflichen Fähigkeiten, Projekte und Erfahrungen
Design und Umsetzung der Benutzeroberfläche (UI/UX), die klar und modern gestaltet ist und sowohl Desktop- als auch Mobilgeräte unterstützt
Umsetzung der Website mit Jekyll Pages zur einfachen Pflege und Erweiterung der Inhalte
Einsatz von GitHub Pages als Hosting-Lösung zur kosteneffizienten Bereitstellung der Website
Erstellung von Inhalten zu Projekten, Kompetenzen, beruflichem Werdegang und Blog-Artikeln zur thematischen Vertiefung relevanter Themen
SEO-Optimierung der Inhalte zur besseren Auffindbarkeit der Website in Suchmaschinen
Pflege und kontinuierliche Aktualisierung der Inhalte zur Darstellung neuer Projekte, Erfolge und Veröffentlichungen";Optimierung der Website nach den Google Site Performance Kriterien: Verbesserung der Ladezeiten, Core Web Vitals und Performance Scores, um die Benutzerfreundlichkeit und die SEO-Bewertung der Seite zu maximieren;"Professionelle Online-Präsenz zur Präsentation der eigenen Projekte, Kompetenzen und Erfolge
Zentrale Anlaufstelle für Kunden, Partner und potenzielle Auftraggeber, um schnell und unkompliziert alle Informationen zur Person zu erhalten
Kontinuierliche Aktualisierung und Pflege der Website, um aktuelle Projekte und berufliche Entwicklungen sichtbar zu machen
Stärkung der persönlichen Marke durch eine klare und prägnante Darstellung der beruflichen Fähigkeiten und Erfahrungen
SEO-Optimierte Inhalte, die für eine höhere Sichtbarkeit in Suchmaschinen sorgen und die Auffindbarkeit der Portfolio-Seite verbessern";"Selbstkritik bei der Content-Erstellung: Die Formulierung der eigenen Kompetenzen und die Darstellung der eigenen Stärken erfordert eine reflektierte Herangehensweise
Sicherstellung einer konsistenten Nutzererfahrung (UX) auf verschiedenen Geräten, einschließlich Desktop, Tablet und Mobile
Kontinuierliche Pflege der Inhalte bei wachsendem Projektportfolio, um sicherzustellen, dass die Website stets aktuell bleibt";German;Portfolio-Website, Webentwicklung, Jekyll, GitHub Pages, HTML/CSS, Liquid, SEO, UI/UX, Content Management, Branding, Markenaufbau, persönliche Marke, Webdesign
Projektbezogene Website – teamjanine.de;2;11/2022 –  02/2023;Fitness;TEAM Janine;Vor Ort;;Homepage;Konzeption, Design, Entwicklung, Deployment, Wartung;2;Small;Jekyll, Github Pages, Pixelmator, ChatGPT, VSCode;Html, CSS, SCSS, JavaScript, YAML, Liquid ;Ein neu gegründetes Fitness- und Personal-Training-Unternehmen benötigte eine Online-Präsenz, um potenzielle Kunden über Angebote, Trainer und Kurspläne zu informieren. Die Website sollte die Philosophie des Unternehmens widerspiegeln und als zentrale Plattform für Informationen und Kontaktmöglichkeiten dienen.;"Erstellung einer benutzerfreundlichen Website zur Darstellung der Trainingsangebote und Unternehmensphilosophie
Design und Implementierung eines ansprechenden und modernen Layouts, das die Dynamik und Energie des Unternehmens verMediumt
Integration von Kursplänen und Trainerprofilen zur Information der Besucher über verfügbare Trainings und Ansprechpartner
Optimierung der Website für mobile Endgeräte zur Sicherstellung einer optimalen Nutzererfahrung auf allen Geräten
Implementierung von Kontaktformularen und Social-Media-Verknüpfungen zur Förderung der Interaktion mit potenziellen Kunden";"Optimierung der Website-Performance gemäß den Kriterien von Google, um schnelle Ladezeiten und eine hohe Benutzerzufriedenheit zu gewährleisten
Entwurf und Erstellung des Logos für TEAM Janine";"Professionelle Online-Präsenz, die das Unternehmen und seine Angebote klar und ansprechend darstellt
Erhöhte Sichtbarkeit und Erreichbarkeit für potenzielle Kunden
Verbesserte Kundenbindung durch Bereitstellung relevanter Informationen und einfacher Kontaktmöglichkeiten
Positive Rückmeldungen von Nutzern hinsichtlich Design und Benutzerfreundlichkeit der Website";"Abstimmung des Designs mit der Unternehmensidentität und den Erwartungen der Zielgruppe
Sicherstellung der Aktualität der Kurspläne und Inhalte bei sich ändernden Angeboten
Integration von Drittanbieter-Tools für Kursbuchungen und Terminvereinbarungen";German;Projekt-Website, Webentwicklung, Jekyll, GitHub Pages, HTML/CSS, Liquid, Responsive Design, UI/UX, Fitness, Personal Training, Performance-Optimierung, Branding, Webdesign
Unternehmenswebsite – mehrwert.tech;5;11/2023 – heute;Softwareentwicklung;mehr.wert Software und IT Beratung GmbH;Vor Ort;;Homepage;Konzeption, Design, Entwicklung, Deployment, Wartung;1;Small;Jekyll, Github Pages, Pixelmator, ChatGPT, VSCode;Html, CSS, SCSS, JavaScript, YAML, Liquid ;"Für die mehr.wert Software und IT Beratung GmbH wurde eine repräsentative Online-Präsenz benötigt, die als digitale Visitenkarte und Vertriebskanal dient. Die Website sollte die Vision, Mission und Werte der Firma sichtbar machen und potenzielle Kunden von der Kompetenz und Professionalität des Unternehmens überzeugen.
Ein zentrales Ziel der Website war es, die Themen Nachhaltigkeit, agile Methoden und digitale Transformation klar zu kommunizieren. Gleichzeitig sollte sie als Plattform für Dienstleistungen und Kontaktmöglichkeiten fungieren, um die Kundenakquise zu unterstützen.";"Konzeption und Erstellung der Unternehmenswebsite zur Präsentation der Dienstleistungen, Vision und Unternehmenswerte
Strukturierung der Inhalte (Startseite, Über uns, Kontakt, Dienstleistungen) zur klaren Navigation und Benutzerführung
Design und UI/UX-Optimierung zur ansprechenden Darstellung der Werte und Dienstleistungen der mehr.wert GmbH
Entwicklung der Website mit Jekyll Pages zur effizienten Erstellung und Pflege von Inhalten
Einsatz von GitHub Pages als Hosting-Lösung zur kosteneffizienten und wartungsfreundlichen Bereitstellung der Website
Integration eines SEO-optimierten Designs zur besseren Auffindbarkeit der Website durch Suchmaschinen (SEO)
Regelmäßige Pflege und Aktualisierung der Inhalte zur Darstellung neuer Dienstleistungen, Projekte und Blog-Beiträge";"Optimierung der Website-Performance gemäß den Kriterien von Google, um schnelle Ladezeiten und eine hohe Benutzerzufriedenheit zu gewährleisten
Entwurf und Erstellung des Firmenlogos";"Professionelle Online-Präsenz der mehr.wert Software und IT Beratung GmbH, die Kunden, Partnern und Stakeholdern die Unternehmensphilosophie verMediumt
Erhöhte Sichtbarkeit der Unternehmenswerte (Nachhaltigkeit, Agilität, Digitalisierung) durch gezielte Content-Platzierung auf der Website
Zentrale Anlaufstelle für Kunden, die Dienstleistungen und Informationen zu Projekten des Unternehmens suchen
Effiziente Pflege und Verwaltung der Inhalte durch den Einsatz von Jekyll und GitHub Pages, wodurch Inhalte schnell aktualisiert werden können
SEO-optimierte Inhalte zur besseren Auffindbarkeit der Website in Suchmaschinen";"Kommunikation der Unternehmenswerte: Klare und präzise Formulierung der Kernwerte des Unternehmens (z. B. Nachhaltigkeit, Agilität) in einer Art, die auch Kunden anspricht
Abstimmung des Designs mit der Unternehmensidentität: Sicherstellung eines modernen, ansprechenden Designs, das Professionalität und Glaubwürdigkeit verMediumt
Sicherstellung der inhaltlichen Aktualität: Kontinuierliche Pflege der Inhalte zur Darstellung neuer Dienstleistungen, Projekte und Blog-Beiträge
Umsetzung der Zweisprachigkeit (German/English): Sicherstellung einer konsistenten und verständlichen Darstellung der Inhalte in beiden Sprachen, einschließlich der Navigation, Übersetzungen und SEO-Anforderungen.";"German,
English";Unternehmenswebsite, Webentwicklung, Jekyll, GitHub Pages, HTML/CSS, Liquid, SEO, Responsive Design, Branding, Corporate Identity, UI/UX, Performance-Optimierung, Nachhaltigkeit, Agilität, digitale Transformation, Webdesign
Fachliche und disziplinarische Führung des Softwareentwicklungsteams (Web & Mobile Applications);5;01/2019 – 04/2022;Fashion Retail;Hugo Boss;Hybrid;;Leadership;Teamleiter;11;Medium;Jira, Confluence, PowerPoint, Excel, Slack, MSTeams, OKR, ;Teamführung, Mitarbeiterentwicklung, Coding-Guidelines, Web- und Mobile-Anwendungen, Technologiebewertung, disziplinarische Führung;Als Teamleiter Mobile & Web bei Hugo Boss übernahm der Benutzer die fachliche und disziplinarische Führung eines Softwareentwicklungsteams mit 11 direkten Mitarbeitenden. Ziel war es, ein leistungsfähiges Team aufzubauen und sicherzustellen, dass die Teammitglieder ihre Potenziale ausschöpfen und den Geschäftszielen von Hugo Boss entsprechen. Dies erforderte die kontinuierliche Förderung der technischen Exzellenz, die Weiterentwicklung der Mitarbeiter sowie die Sicherstellung der Qualität der Web- und Mobile-Applications.;"Personalentwicklung und Erarbeitung individueller Entwicklungspläne für die ihm unterstellten Mitarbeiter
Coaching und Mentoring sowohl fachlich als auch methodisch
Festlegung individueller Ziele für die ihm unterstellten Mitarbeiter gemeinsam mit dem Team und dem CPS D&l Management
Festlegung von Zielen für das Team
Feststellung der Zielerreichung sowie Kommunikation der Ergebnisse
Motivation des Teams und aller unterstellten Mitarbeiter
Recruiting
Umgang mit Konflikten
Aufbau eines UI/UX Teams
Strategische Mitgestaltung der Abteilung CPS Development & Integration
Verantwortung für die strukturelle Entwicklung, organisatorische Aufstellung und strategische Ausrichtung
seines Teams";"Mitgestaltung und Aufbau zweier Nearshore Standorte in Lissabon und Manchester
Einführung agiler Arbeitsweisen in der IT
Vorantreiben der Ablösung der zugekauften Lösung Frontify sowie Aufbau der Hugo Boss eigenen UI/UX Toolbox ";"Aufbau eines leistungsfähigen, selbstorganisierten Teams mit hoher Eigenverantwortung.
Steigerung der Produktivität durch klar definierte Coding-Guidelines und technologische Standards.
Etablierung einer Feedbackkultur sowie klarer Entwicklungspläne für Teammitglieder, die zu einer höheren Mitarbeiterzufriedenheit beitrugen.";"Förderung einer einheitlichen Code-Qualität trotz verteilter Teams (Onsite & Nearshore).
Sicherstellung der Teamstabilität während organisatorischer Veränderungen und Anpassung an agile Arbeitsweisen.
Wiederstände bei der Einführung (skalierter) agiler Arbeitsweisen im Management
";"German,
English";Teamleitung, Coaching, Mitarbeiterentwicklung, Coding-Guidelines, IT-Strukturen, Mobile Apps, Web-Entwicklung, Disziplinarische Führung, Nearshore-Management, Leadership, Personalentwicklung
Instore-Digitalisierung – Einführung und Weiterentwicklung der Digitalisierungsplattform bei Hugo Boss;5;01/2019 – 04/2022;Fashion Retail, Instore-Digitalisierung;Hugo Boss;Hybrid;;Leadership;Teamleiter, Agile Coach;15;High;Jira, Confluence, Git, Xcode;Instore-Digitalisierung, Agile Methoden (Scrum, Kanban), Prozessoptimierung, Plattformentwicklung, Technologiebewertung, Stakeholdermanagement;"Im Rahmen eines umfassenden Programms zur Instore-Digitalisierung bei Hugo Boss sollte eine zentrale Plattform geschaffen werden, die als digitaler HUB für Store-Mitarbeiter und Store-Manager fungiert. Die Plattform sollte den Mitarbeitern Zugriff auf Produktinformationen, Artikelverfügbarkeiten, Kundeninformationen und Store-spezifische Schulungsmaterialien bieten. Zusätzlich sollte ein neuer Vertriebskanal “Order from Store” eingeführt werden, mit dem Store-Mitarbeiter Produkte verkaufen können, die physisch nicht im Store verfügbar sind. Gleichzeitig sollten Management-Dashboards bereitgestellt werden, die Store-Manager mit KPIs und Performance-Daten versorgen.

Ziel war es, die Effizienz der Store-Mitarbeiter zu steigern, neue Vertriebskanäle zu eröffnen und die Kundenerfahrung zu verbessern. Die Plattform umfasste eine zentrale iOS-App (Container) mit einer konfigurierbaren Oberfläche auf Basis von Angular und C#. Diese konnte pro Store individuell angepasst und ausgerollt werden.";"Technische Verantwortung: Steuerung der technischen Entwicklung der Plattform als Technical Product Owner.
Methodenoptimierung: Einführung agiler Methoden (Scrum, Kanban) und Implementierung eines systematischen Backlog-Managements.
Roadmap & Technologie-Stack: Mitgestaltung der Produkt-Roadmap, Technologieauswahl und Priorisierung der Anforderungen nach ROI-Gesichtspunkten.
Teamführung: Fachliche und disziplinarische Führung eines interdisziplinären Teams mit Fokus auf Selbstverantwortung und Eigenständigkeit.
Führung des Entwicklerteams: Direkte Führung der Frontend-, Backend- und UI/UX-Entwickler sowie Steuerung der Nearshore-Teams in Lissabon und Manchester.
Standards & Methoden: Einführung von Clean Code Prinzipien, Scrum-Methodik und Design Thinking zur Evaluierung neuer Ideen.
Stakeholder-Management: Enge Zusammenarbeit mit den Enterprise Architekten, dem Fachbereich sowie den Design-Teams zur Abstimmung der Anforderungen.";"Coaching der Projektleiter, der Teammitglieder und der Stakeholder in agilen Arbeitsmethoden und Scrum-Prinzipien.
Aufbau von Best Practices für agile Entwicklungsprozesse, Design Thinking und technologische Entscheidungsprozesse.
Implementierung der Anforderungen an die native iOS App";"Zentrale Plattform: Entwicklung einer Digitalisierungsplattform (iOS-Container + Angular/C#) mit individualisierbaren Store-spezifischen Konfigurationen.
Neuer Vertriebskanal “Order from Store”: Einführung eines Kanals, der es den Store-Mitarbeitern ermöglicht, Artikel zu verkaufen, die nicht physisch im Store verfügbar sind.
Mobile Article Lookup: Einführung einer App zur schnellen Verfügbarkeitsprüfung von Artikeln in den Stores (Farben, Größen, Lagerbestände).
Management-Dashboards: Entwicklung einer Lösung, die den Store-Managern Zugriff auf wichtige KPIs und Performance-Daten gewährt.
Effizienzsteigerung der Store-Mitarbeiter: Verbesserte Verfügbarkeit von Produkt- und Kundendaten, wodurch die Zeit für administrative Tätigkeiten reduziert wurde.";"Technologieauswahl: Bewertung und Auswahl geeigneter Technologien (iOS-Container, Angular, C#) in Abstimmung mit Enterprise Architekten.
Akzeptanz der agilen Methoden: Überzeugung des mittleren Managements und der Enterprise Architekten von den Vorteilen agiler Arbeitsmethoden.
WLAN-Probleme: Sicherstellung der App-Leistung auch bei eingeschränkter WLAN-Abdeckung in den Stores.
Einführung neuer Prozesse in den Stores: Schulung der Store-Mitarbeiter und Begleitung der weltweiten Rollouts der Plattform.

Lessons Learned:
Einbindung des Managements: Das frühzeitige Coachen von Führungskräften im mittleren Management ist essenziell, um Vorbehalte gegenüber agilen Methoden zu überwinden.
Frühzeitige Einbindung der Architekten: Durch die enge Zusammenarbeit mit Enterprise Architekten konnten Konflikte in der Technologieauswahl vermieden werden.
Backlog-Management: Ein systematisches und priorisiertes Backlog-Management ist der Schlüssel zu erfolgreichen agilen Projekten.
Design Thinking: Die schnelle Validierung neuer Ideen in Concept Stores hat zu nutzerzentrierten Lösungen und globalen Rollouts geführt.";"German,
English";Instore-Digitalisierung, Prozessverantwortung, Teamleitung, Agile Methoden, Scrum, Clean Code, Plattformentwicklung, iOS-Container, Order from Store, Mobile Article Lookup, Nearshore-Management, Retail-Experience, Umsatzsteigerung, Design Thinking, KPI-Dashboards, Coaching
Entwicklung eines “smarten Sport-Shirts” zur Bewegungsanalyse Mediums Sensoren und App;4;07/2019 – 02/2020;Fashion-Tech, Smart Wearables, Innovation;Hugo Boss;Hybrid;;Leadership;Technischer Projektleiter, Technischer Lead, Agile Coach;12;Medium;Jira, Confluence, Git, Xcode, Unity (3D-Modell), Sensoren, Bluetooth, Slack;Swift, Unity, Bluetooth-Datenübertragung, Smart Wearables, App-Entwicklung, Prototyping, Technologiemanagement;"Die Hugo Boss Innovationsabteilung entwickelte ein intelligentes Sport-Shirt, das durch integrierte Sensoren, Algorithmen und eine App die Bewegungen der Träger visualisiert. Ziel war es, die Bewegungsabläufe des Nutzers während des Trainings in Echtzeit zu analysieren. Das Projekt betrat technologisches Neuland, da es keine vergleichbaren Lösungen auf dem Markt gab.

Das Team bestand aus internen und Nearshore-Entwicklern sowie externen Partnern für Sensorik und Algorithmen.";"Technisches Projektmanagement: Leitung der technischen Entwicklung als technischer Projektleiter und technischer Lead.
Stakeholder-Kommunikation: Vermittlung zwischen internen Teams, externen Partnern und Management.
Technologie-Steuerung: Koordination der externen Partner, die für Sensoren, Algorithmen und Datenübertragung verantwortlich waren.
Teamleitung: Steuerung der Nearshore-Entwickler zur Implementierung der iOS-App sowie der 3D-Modelle in Unity.
Validierung & Versuchsaufbau: Aufbau von Testumgebungen und Validierung der gelieferten Prototypen.";"Einführung einer agilen Arbeitsweise mit kurzen Iterationen und schnellem Prototyping.
Unterstützung der Versuchsaufbauten zur Validierung der gelieferten Prototypen.";"5 funktionsfähige Prototypen mit funktionsfähiger Sensorik, Algorithmen und Bluetooth-Datenübertragung.
App zur Visualisierung der Oberkörperbewegungen des Trägers während des Trainings.
Technologische Grundlage für zukünftige Wearable-Projekte bei Hugo Boss";"Technologie-Integration: Sicherstellung der Genauigkeit der Sensoren und Algorithmen sowie die Synchronisation der Bluetooth-Datenübertragung mit der App in Echtzeit.
Lieferantenmanagement: Abstimmung der Arbeit von externen Technologiepartnern zur Integration der Sensoren, Algorithmen und App-Funktionen.
Innovationscharakter: Schnelle Iterationen, Experimente und Trial-and-Error-Ansätze aufgrund der Neuartigkeit des Projekts.";"German,
English";Wearables, Smart Clothing, Bluetooth, Sensorintegration, Bewegungsanalyse, App-Entwicklung, Unity 3D, Stakeholder-Management, Innovationsprojekt, Prototyping, agile Entwicklung, Nearshore-Steuerung, Technisches Projektmanagement, Neuland-Innovation, Kommunikationsfähigkeit, Führungserfahrung
Mitgestaltung der Nearshore-Standorte in Lissabon und Manchester;4;01/2019 – 04/2022;Fashion Retail, IT-Entwicklung, Nearshore-Management;Hugo Boss;Hybrid;;Leadership;Teamleiter, Agile Coach;25;High;Jira, Confluence, Slack, PowerPoint, Excel;Nearshore-Management, Agile Methoden (Scrum, Kanban), Prozessoptimierung, Teamentwicklung, Technologiemanagement;"Um die Skalierbarkeit und Effizienz der Entwicklungsabteilung bei Hugo Boss zu steigern, wurden Nearshore-Standorte in Lissabon (Portugal) und Manchester (UK) aufgebaut. Ziel war es, die bestehenden Teams in der Zentrale in Metzingen mit zusätzlicher Entwicklungsressource zu verstärken, die Kosteneffizienz zu steigern und die Time-to-Market neuer Produkte zu verbessern.

Die größte Herausforderung bestand darin, die Zusammenarbeit mit Nearshore-Teams effizient zu organisieren und eine reibungslose Integration in die bestehenden Entwicklungsprozesse sicherzustellen. Dies umfasste die Einführung von agilen Methoden, den Aufbau von Onboarding-Prozessen und die Sicherstellung von technischen Standards und Coding-Guidelines.";"Mitgestaltung der Nearshore-Standorte in Lissabon und Manchester zur Integration in die bestehenden Entwicklungsprozesse.
Onboarding und Schulung der Nearshore-Entwicklungsteams, einschließlich der Vermittlung von agilen Arbeitsmethoden (Scrum, Kanban).
Definition der technischen Standards (Coding-Guidelines, Architekturstandards) und Sicherstellung der Einhaltung durch die Nearshore-Teams.
Förderung der Selbstorganisation der Teams, um den Automatisierungsgrad der Entwicklungsprozesse zu erhöhen und die Teamautonomie zu fördern.
Kommunikation und Stakeholder-Management: Koordination mit den Entwicklungsleitern, IT-Führungskräften und den Standorten in Lissabon und Manchester.
Kontinuierliche Verbesserung der Prozesse zur Verbesserung der Effizienz und Integration der Nearshore-Teams.";"Agile Coaching: Einführung und Etablierung der agilen Arbeitsmethoden bei den Nearshore-Teams.
Regelmäßige Workshops vor Ort in Lissabon und Manchester";"Erfolgreiche Integration der Nearshore-Teams in die zentrale Entwicklungsstruktur von Hugo Boss.
Höhere Skalierbarkeit der Entwicklungsressourcen, wodurch zusätzliche Kapazitäten für neue Projekte geschaffen wurden.
Reduzierung der Abhängigkeit von internen Ressourcen, wodurch Projekte flexibler besetzt werden konnten.
Erhöhung der Produktivität durch die Einführung agiler Methoden, die Selbstorganisation der Teams und den Einsatz von Coding-Guidelines.";"Kulturelle Unterschiede: Unterschiede in der Arbeitsweise und Kommunikation zwischen den Teams in Metzingen, Lissabon und Manchester mussten durch agile Methoden und Workshops überwunden werden.
Technologische Abstimmung: Sicherstellung, dass die Nearshore-Teams die gleichen technischen Standards, Architekturprinzipien und Coding-Guidelines einhalten.
Selbstorganisation der Teams: Es erforderte intensive Schulungen und Coaching, um die Selbstverantwortung der Nearshore-Teams zu stärken.";English;Nearshore-Management, Standortentwicklung, Teamentwicklung, Agile Methoden, Scrum, Kanban, Coding-Guidelines, Stakeholder-Management, Prozessoptimierung, Selbstorganisation, Wissensmanagement, Führungserfahrung, HR-Management, Change-Management, Remote-Work, Onboarding
Disziplinarische Teamleitung für Entwicklerteam bei Exxeta AG;4;04/2022 – 01/2024;IT-Consulting;Exxeta AG;Hybrid;;Leadership;Teamleiter, Agile Coach;6;Small;OKR (Objectives and Key Results), 360°-Feedback-Tools, Feedback-Gesprächsformate, Growth-Mindset-Frameworks, Coaching-Modelle (z. B. GROW), agile Methoden (Scrum, Kanban), Retrospektiven, Mitarbeiter-Entwicklungspläne, Continuous Improvement Frameworks (CIP), Team Health Checks.;Leadership, Agile Methoden (Scrum, Kanban), Personalentwicklung, Coaching, Prozessoptimierung, HR-Management;"Im Rahmen der Tätigkeit als Teamleiter bei der Exxeta AG übernahm der Benutzer die disziplinarische Führung eines internen Entwicklerteams mit 6 Mitarbeitenden. Ziel war es, die Selbstorganisation des Teams zu fördern, individuelle Mitarbeiterentwicklung zu ermöglichen und eine leistungsorientierte Teamkultur zu etablieren. Das Team war in Kundenprojekte eingebunden und musste sowohl projektübergreifend als auch unternehmensintern arbeiten.

Die Herausforderung bestand darin, die Balance zwischen den Anforderungen der Kundenprojekte und den internen Weiterentwicklungsmaßnahmen zu finden. Gleichzeitig galt es, die Teammitglieder in ihrer persönlichen und fachlichen Entwicklung zu unterstützen, was durch regelmäßige Feedbackgespräche und individuelle Entwicklungspläne erreicht wurde.";"Disziplinarische Führung des Teams mit 6 internen Entwickler:innen.
Coaching und Entwicklung der Mitarbeiter: Individuelle Förderung der Teammitglieder, z. B. durch regelmäßige Feedbackgespräche, Zielvereinbarungen und persönliche Entwicklungspläne.
Förderung der Selbstorganisation und Agilität: Unterstützung der Teammitglieder bei der Selbstorganisation innerhalb der Kundenprojekte.
Talentförderung und Karriereentwicklung: Identifikation der Stärken und Potenziale der Teammitglieder, Begleitung ihrer Entwicklung und Unterstützung bei der Karriereplanung.
Mitarbeitergespräche und Feedback-Runden: Durchführung regelmäßiger Feedback- und Entwicklungsgespräche mit den Teammitgliedern.
Verantwortung für die Einhaltung der Unternehmensrichtlinien: Sicherstellung, dass die Richtlinien für Arbeitszeiten, Datenschutz, agile Arbeitsweisen und interne Prozesse eingehalten werden.
Unterstützung bei der Projektzuweisung: Mitarbeit bei der Zuweisung der Teammitglieder zu Projekten in enger Abstimmung mit dem Portfoliomanagement.";"Beurteilung der Abschlussarbeit(en) der Master-Studenten
Abstimmungen zu Abschlussarbeiten mit der Highschule Stuttgart
Aufbau des Themas „Green Coding“ bei der Exxeta und die Veröffentlichung von Fachartikeln in diesem Thema";"Stärkung der Teamautonomie: Das Team arbeitete nach der Einführung agiler Methoden deutlich eigenverantwortlicher, was die Effizienz der Projektarbeit erhöhte.
Erhöhung der Mitarbeiterzufriedenheit: Durch Feedbackgespräche und Entwicklungspläne wurde eine hohe Mitarbeiterzufriedenheit erzielt.
Förderung der internen Mobilität: Durch die aktive Förderung der Weiterentwicklung der Teammitglieder wurden interne Wechsel in höhere Positionen oder neue Verantwortungsbereiche ermöglicht.
Langfristige Mitarbeiterbindung: Die Maßnahmen zur Karriereentwicklung trugen dazu bei, die Mitarbeiterfluktuation im Team zu verringern.
Coaching und Mentorin von Kollegen in agilen Arbeitsweisen während der ersten Projektmonate.";"Balance zwischen Kundenanforderungen und Mitarbeiterentwicklung: Es galt sicherzustellen, dass Teammitglieder sowohl in Projekten optimal eingesetzt werden als auch Zeit für Weiterentwicklung erhalten.
Individuelle Bedürfnisse der Mitarbeitenden: Die Bedürfnisse der einzelnen Mitarbeitenden (Karrierewünsche, Weiterentwicklung, private Herausforderungen) mussten mit den Projektzielen in Einklang gebracht werden.
Selbstorganisation des Teams: Die Einführung von agilen Methoden und Prinzipien der Selbstorganisation erforderte ein aktives Coaching der Teammitglieder.";"German,
English";Teamleitung, Disziplinarische Führung, Agile Methoden, Selbstorganisation, Führungserfahrung, Feedbackkultur, Onboarding, Personalentwicklung, Coaching, Teamentwicklung, HR-Management, Karriereentwicklung, Feedback-Gespräche, Soft-Skills, Motivation, Führung von Entwicklern
Übersetzungstool für App-Lokalisierung (DeepL API);2;08/2023 – heute;Lokalisierung, Internationalisierung;Eigenentwicklung;Vor Ort;;Tool;Konzeption, Design, Entwicklung, Deployment, Wartung;1;Small;Deeple, VSCode, Git, Xcode;Python, DeepL API, CSV/JSON-Verarbeitung, Automatisierung;Bei der Lokalisierung von Apps müssen alle relevanten Texte in verschiedene Sprachen übersetzt werden, darunter In-App-Texte, Marketing-Texte, App Store-Beschreibungen und Datenschutzbestimmungen. Die manuelle Übersetzung dieser Inhalte war zeitaufwändig, fehleranfällig und abhängig von externen Übersetzern oder Tools. Dies stellte eine Hürde für die Erweiterung der sprachlichen Reichweite der Apps dar.;"Entwicklung eines automatisierten Python-Tools zur Übersetzung von Textinhalten mithilfe der DeepL API
Extraktion der relevanten Textdateien (z. B. CSV, JSON) mit den zu übersetzenden Texten aus den App-Dateien
Automatisierung der Übersetzungsanfragen an die DeepL API zur Erhöhung der Effizienz und Vermeidung manueller Übersetzungsarbeiten
Integration von Fehlerprüfungen und Plausibilitätskontrollen zur Sicherstellung der Übersetzungsqualität und Vermeidung von Fehlern
Automatische Rückführung der übersetzten Inhalte in die Originaldateiformate, die direkt in die App integriert werden können";;"Reduktion des manuellen Übersetzungsaufwands durch die automatische Übersetzung und Integration der Inhalte
Unterstützung von Sprachen, die der Entwickler selbst nicht spricht (z. B. Französisch), wodurch die internationale Reichweite der Apps gesteigert wurde
Zeiteinsparung bei der Lokalisierung: Vorher manuelle Arbeit, jetzt automatisierte Übersetzungen in wenigen Minuten
Einheitliche Sprachqualität durch den Einsatz der DeepL-Übersetzung mit hoher Präzision und natürlichem Sprachfluss
Erhöhung der Internationalisierung (i18n) der Apps, da neue Sprachen jetzt schneller und effizienter hinzugefügt werden können";"Fehlerkontrolle und Plausibilitätsprüfung der Übersetzungen: Sicherstellung, dass keine unerwünschten oder falsch übersetzten Inhalte in die App übernommen werden
Formatierung und Sonderzeichen: Korrekte Handhabung von Sonderzeichen (z. B. line breaks, Tabs) und Zeichen, die für die Codebasis kritisch sind
API-Limitierungen und Kostenkontrolle: Optimierung der API-Aufrufe, um die Kosten der DeepL API gering zu halten und die Effizienz zu maximieren";English;Lokalisierung, i18n, Python, DeepL API, Automatisierung, CSV-Verarbeitung, JSON-Verarbeitung, Übersetzungsmanagement, Effizienzsteigerung, App-Internationalisierung, Internationalisierung (i18n)
Energieverbrauchsmodellierungstool für Software (Green Coding);5;10/2022 – heute;Green IT;Eigenentwicklung;Hybrid;;Tool;Konzeption, Design, Entwicklung, technische Leitung, Betreuung einer Studentin;2;Small;macOS, PowerMetrics, Python, CSV-Analyse, Data-Visualization-Tools, Jupyter Notebook, VSCode;Powermetrics, Python, bash ;"Im Rahmen der Green Coding-Initiative wird die Nachhaltigkeit von Software immer wichtiger. Eine der größten Herausforderungen besteht darin, den Energieverbrauch von Software sichtbar und messbar zu machen, da herkömmliche Entwicklungstools diese Metrik nicht berücksichtigen. Ohne genaue Messwerte ist es jedoch schwierig, Entscheidungen über energieeffiziente Technologien (z. B. Wahl der Programmiersprachen oder Algorithmen) zu treffen.

Um diese Lücke zu schließen, wurde ein Tool entwickelt, das auf PowerMetrics von macOS basiert, um den Energieverbrauch von Software in Echtzeit zu messen. Ziel war es, Vergleichstests von Programmiersprachen, Algorithmen und Anwendungs-Szenarien durchzuführen, um fundierte Entscheidungen für eine nachhaltigere Softwareentwicklung zu ermöglichen.";"Entwicklung eines Energieverbrauchsmodellierungstools auf Basis von PowerMetrics zur Erfassung des Energieverbrauchs von Software auf macOS
Analyse der Energiemessdaten und Visualisierung der Ergebnisse zur leichteren Interpretation der Messergebnisse
Automatisierung der Messprozesse zur Durchführung reproduzierbarer und vergleichbarer Tests (z. B. zwischen Programmiersprachen oder Sortieralgorithmen)
Durchführung von Vergleichstests zur Messung des Energieverbrauchs bei der Ausführung einfacher Algorithmen (z. B. Sortieralgorithmen) in unterschiedlichen Programmiersprachen
Messung des Energieverbrauchs von Videokonferenzsystemen in unterschiedlichen Anwendungsszenarien (z. B. Kamera an/aus, Bildschirmfreigabe)
Betreuung einer Studentin zur Unterstützung bei der Entwicklung und Auswertung der Messungen";Methodische Entwicklung eines Energieverbrauchsmodells zur Visualisierung und Dokumentation der Testmethodik und der Ergebnisse;"Sichtbarmachung des Energieverbrauchs von Software in verschiedenen Szenarien, darunter Videokonferenzsysteme und Sortieralgorithmen in unterschiedlichen Programmiersprachen
Fundierte Vergleichsanalysen der Energieeffizienz von Programmiersprachen (z. B. Python vs. Rust) und Identifikation energieeffizienter Alternativen
Unterstützung der Green Coding-Initiative durch die Bereitstellung messbarer Daten, die eine Grundlage für nachhaltigere Softwareentwicklungsentscheidungen bieten
Reduktion der Testaufwände durch Automatisierung der Messprozesse und Möglichkeit der Wiederholung und Reproduzierbarkeit der Messungen";"Verlässliche Erfassung des Energieverbrauchs: Sicherstellung, dass die Messungen mit PowerMetrics reproduzierbar, genau und verlässlich sind
Korrelation von Softwareereignissen mit dem Energieverbrauch: Verknüpfung von Programmabläufen (z. B. Sortieralgorithmen) mit der Energieverbrauchsmessung, um präzise Kausalitäten zu erkennen
Performance-Beeinträchtigungen durch Messwerkzeuge: Vermeidung der Verzerrung der Messungen durch die Messinfrastruktur selbst (Overhead-Effekte)";English;Green Coding, Energieverbrauch, PowerMetrics, macOS, Automatisierung, Data-Analysis, CSV-Analyse, Energieeffizienz, Benchmarking, Nachhaltigkeit, Sortieralgorithmen, Programmiersprachenvergleich, Softwareoptimierung
Reengineering- und Visualisierungstool für Altsysteme (Gupta-Warenwirtschaftssystem);3;04/2022 – 05/2022;Warnwirtschaft;Exxeta AG;Hybrid;;Tool;Konzeption, Design, Entwicklung, technischer Lead;2;Small;VSCode, Git;Python, GraphViz, Parser, Gupta-Code-Analyse, Test-Driven Development (TDD);"Ein veraltetes Warenwirtschaftssystem (geschrieben in der Programmiersprache Gupta) stellte eine Blackbox dar, da es keine umfassende Dokumentation mehr gab und die ursprünglichen Entwickler nicht mehr verfügbar waren.
Das System bestand aus über 300.000 Zeilen Code in einer einzigen Textdatei, die schwer zu durchdringen war.
Da der Kunde eine Neuimplementierung des Systems plante, war es von entscheidender Bedeutung, den Programmablauf zu verstehen und sicherzustellen, dass die Neuimplementierung alle bisherigen Funktionen abdeckt.
Das Problem war, dass es keine strukturierten Informationen darüber gab, welche Funktionen, Verzweigungen und Schleifen im System enthalten sind.";"Entwicklung eines Python-basierten Tools zur Code-Analyse der Gupta-Codebasis mit über 300.000 Zeilen Code
Schrittweises Parsen des Gupta-Codes, um Funktionen, Schleifen, Verzweigungen und logische Abhängigkeiten zu extrahieren
Visualisierung der Funktionsabläufe mit GraphViz, indem die identifizierten Knoten, Schleifen und Verzweigungen zu einem Programmflussgraphen zusammengeführt wurden
Erstellung eines interaktiven Visualisierungstools, das es den Entwicklern und Kunden ermöglicht, den Ablauf des Programms grafisch zu analysieren
Ableitung von Regressionstests und Testszenarien aus dem Funktionsgraphen zur Sicherstellung der Vollständigkeit der Neuimplementierung";"Erstellung von Regressionstest-Szenarien: Ableitung von Testfällen auf Basis des Funktionsgraphen, um sicherzustellen, dass die neue Implementierung die gleiche Funktionalität wie das Altsystem bietet
Implementierung der TDD-Methodik (Test-Driven Development): Erstellung eines Konzepts, wie die abgeleiteten Tests im Java-Stack der Neuentwicklung als automatisierte Tests integriert werden können";"Transparenz des Programmablaufs: Durch die Erstellung eines visuellen Funktionsgraphen wurde der Ablauf des alten Systems sichtbar und verständlich gemacht
Grundlage für eine fundierte Neuimplementierung: Der Kunde konnte sicherstellen, dass die Funktionen des Altsystems vollständig abgedeckt sind, da alle Knoten, Schleifen und Verzweigungen im Funktionsgraphen sichtbar waren
Basis für Regressionstests und TDD: Mit dem Graphen konnte eine vollständige Testabdeckung für die neue Implementierung in Java gewährleistet werden";"Komplexität des Gupta-Codes: Umgang mit einer veralteten Programmiersprache und einem Highgradig unstrukturierten Code mit über 300.000 Zeilen
Plausibilitätsprüfung der Visualisierung: Sicherstellen, dass die generierten Graphen die tatsächliche Funktionsweise des Systems widerspiegeln und keine Fehlinterpretationen des Codes enthalten
Effiziente Darstellung großer Graphen: Da der Funktionsgraph umfangreich war, musste eine Lösung für die Visualisierung großer Graphen gefunden werden, ohne die Benutzerfreundlichkeit zu beeinträchtigen";English;Reverse Engineering, Visualisierung, Programmanalyse, Gupta, Legacy-Systeme, GraphViz, Python, Parser, Test-Driven Development (TDD), Regressionstests, Software-Neuentwicklung, Visualisierung komplexer Abläufe, Reengineering, Altsystem-Analyse